"Sim","Spread_Frac","Pp","Virus_D","Max_Productive","Max_Virions","Max_Semi"
1,"Diffusion Only",0.575,-0.933674074637962,88,18182,59
1,"Diffusion Only",0.575,-0.632644078973981,130,29643,97
1,"Diffusion Only",0.575,-0.4565528199183,173,40459,125
1,"Diffusion Only",0.575,-0.33161408331,216,48174,155
1,"Diffusion Only",0.575,-0.234704070301943,259,60265,183
1,"Diffusion Only",0.575,0.0663259253620378,506,113414,335
1,"Diffusion Only",0.575,0.367355921026019,924,215478,576
1,"Diffusion Only",0.575,0.5434471800817,1056,246774,668
1,"Diffusion Only",0.575,0.66838591669,1198,278146,779
1,"Diffusion Only",0.575,0.765295929698057,1321,302586,845
1,"Diffusion Only",0.575,1.06632592536204,1742,390203,1166
1,"Diffusion Only",0.575,1.36735592102602,2320,491128,1551
1,"Diffusion Only",0.575,1.5434471800817,2683,548246,1904
1,"Diffusion Only",0.575,1.66838591669,2916,580291,2132
1,"Diffusion Only",0.575,1.76529592969806,3345,628300,2246
1,"Diffusion Only",0.575,2.06632592536204,4002,701911,3252
1,"Diffusion Only",0.575,2.36735592102602,4933,746607,4575
1,"Diffusion Only",0.575,2.5434471800817,5644,779485,5909
1,"Diffusion Only",0.575,2.66838591669,5599,766235,5972
1,"Diffusion Only",0.575,2.76529592969806,5748,775941,6039
1,"Diffusion Only",0.575,3.06632592536204,5776,783066,6089
1,"Diffusion Only",0.575,3.36735592102602,5776,785336,6057
1,"Diffusion Only",0.575,3.5434471800817,5773,778675,6059
1,"Diffusion Only",0.575,3.66838591669,5756,782886,6040
1,"Diffusion Only",0.575,3.76529592969806,5688,773701,6094
1,"Diffusion Only",1,-0.933674074637962,359,83100,0
1,"Diffusion Only",1,-0.632644078973981,580,132456,0
1,"Diffusion Only",1,-0.4565528199183,741,176746,0
1,"Diffusion Only",1,-0.33161408331,871,209700,0
1,"Diffusion Only",1,-0.234704070301943,933,221101,0
1,"Diffusion Only",1,0.0663259253620378,1170,279571,0
1,"Diffusion Only",1,0.367355921026019,1651,373216,0
1,"Diffusion Only",1,0.5434471800817,2095,455111,0
1,"Diffusion Only",1,0.66838591669,2260,490682,0
1,"Diffusion Only",1,0.765295929698057,2513,527537,0
1,"Diffusion Only",1,1.06632592536204,3269,625699,0
1,"Diffusion Only",1,1.36735592102602,3962,694496,0
1,"Diffusion Only",1,1.5434471800817,4606,742671,0
1,"Diffusion Only",1,1.66838591669,4755,750450,0
1,"Diffusion Only",1,1.76529592969806,5229,779361,0
1,"Diffusion Only",1,2.06632592536204,5919,798489,0
1,"Diffusion Only",1,2.36735592102602,6409,810227,0
1,"Diffusion Only",1,2.5434471800817,6538,808382,0
1,"Diffusion Only",1,2.66838591669,6519,803934,0
1,"Diffusion Only",1,2.76529592969806,6650,809728,0
1,"Diffusion Only",1,3.06632592536204,6574,802199,0
1,"Diffusion Only",1,3.36735592102602,6571,800492,0
1,"Diffusion Only",1,3.5434471800817,6592,808724,0
1,"Diffusion Only",1,3.66838591669,6625,808845,0
1,"Diffusion Only",1,3.76529592969806,6546,808230,0
2,"Diffusion Only",0.575,-0.933674074637962,83,16558,64
2,"Diffusion Only",0.575,-0.632644078973981,136,31994,103
2,"Diffusion Only",0.575,-0.4565528199183,199,42033,116
2,"Diffusion Only",0.575,-0.33161408331,221,49164,146
2,"Diffusion Only",0.575,-0.234704070301943,243,57181,195
2,"Diffusion Only",0.575,0.0663259253620378,445,106037,331
2,"Diffusion Only",0.575,0.367355921026019,891,207969,561
2,"Diffusion Only",0.575,0.5434471800817,1040,248335,669
2,"Diffusion Only",0.575,0.66838591669,1154,265327,761
2,"Diffusion Only",0.575,0.765295929698057,1298,298558,857
2,"Diffusion Only",0.575,1.06632592536204,1730,391774,1108
2,"Diffusion Only",0.575,1.36735592102602,2287,486329,1573
2,"Diffusion Only",0.575,1.5434471800817,2616,544080,1804
2,"Diffusion Only",0.575,1.66838591669,2913,584535,2137
2,"Diffusion Only",0.575,1.76529592969806,3297,619826,2306
2,"Diffusion Only",0.575,2.06632592536204,4051,699415,3225
2,"Diffusion Only",0.575,2.36735592102602,4827,744161,4261
2,"Diffusion Only",0.575,2.5434471800817,5276,765343,5244
2,"Diffusion Only",0.575,2.66838591669,5512,769015,5550
2,"Diffusion Only",0.575,2.76529592969806,5564,768719,5937
2,"Diffusion Only",0.575,3.06632592536204,5752,774782,6037
2,"Diffusion Only",0.575,3.36735592102602,5722,774167,6075
2,"Diffusion Only",0.575,3.5434471800817,5701,778542,6065
2,"Diffusion Only",0.575,3.66838591669,5749,779454,5950
2,"Diffusion Only",0.575,3.76529592969806,5697,771421,6102
2,"Diffusion Only",1,-0.933674074637962,366,84736,0
2,"Diffusion Only",1,-0.632644078973981,559,133567,0
2,"Diffusion Only",1,-0.4565528199183,775,180407,0
2,"Diffusion Only",1,-0.33161408331,862,204080,0
2,"Diffusion Only",1,-0.234704070301943,922,222728,0
2,"Diffusion Only",1,0.0663259253620378,1262,296106,0
2,"Diffusion Only",1,0.367355921026019,1762,397877,0
2,"Diffusion Only",1,0.5434471800817,2053,442599,0
2,"Diffusion Only",1,0.66838591669,2351,498991,0
2,"Diffusion Only",1,0.765295929698057,2677,544620,0
2,"Diffusion Only",1,1.06632592536204,3158,606857,0
2,"Diffusion Only",1,1.36735592102602,3990,698981,0
2,"Diffusion Only",1,1.5434471800817,4611,743513,0
2,"Diffusion Only",1,1.66838591669,4769,750895,0
2,"Diffusion Only",1,1.76529592969806,5059,765819,0
2,"Diffusion Only",1,2.06632592536204,5847,793075,0
2,"Diffusion Only",1,2.36735592102602,6242,801138,0
2,"Diffusion Only",1,2.5434471800817,6489,804283,0
2,"Diffusion Only",1,2.66838591669,6642,816974,0
2,"Diffusion Only",1,2.76529592969806,6591,806510,0
2,"Diffusion Only",1,3.06632592536204,6604,805615,0
2,"Diffusion Only",1,3.36735592102602,6681,815998,0
2,"Diffusion Only",1,3.5434471800817,6632,803229,0
2,"Diffusion Only",1,3.66838591669,6611,802001,0
2,"Diffusion Only",1,3.76529592969806,6704,806062,0
3,"Diffusion Only",0.575,-0.933674074637962,93,19948,78
3,"Diffusion Only",0.575,-0.632644078973981,140,32428,90
3,"Diffusion Only",0.575,-0.4565528199183,172,39380,121
3,"Diffusion Only",0.575,-0.33161408331,217,50571,153
3,"Diffusion Only",0.575,-0.234704070301943,253,61013,178
3,"Diffusion Only",0.575,0.0663259253620378,522,119255,323
3,"Diffusion Only",0.575,0.367355921026019,863,205441,578
3,"Diffusion Only",0.575,0.5434471800817,1040,246284,665
3,"Diffusion Only",0.575,0.66838591669,1212,284944,770
3,"Diffusion Only",0.575,0.765295929698057,1321,304051,833
3,"Diffusion Only",0.575,1.06632592536204,1823,397062,1187
3,"Diffusion Only",0.575,1.36735592102602,2315,491002,1591
3,"Diffusion Only",0.575,1.5434471800817,2787,552940,1886
3,"Diffusion Only",0.575,1.66838591669,2940,577789,2019
3,"Diffusion Only",0.575,1.76529592969806,3223,629584,2303
3,"Diffusion Only",0.575,2.06632592536204,3982,697912,3065
3,"Diffusion Only",0.575,2.36735592102602,4952,759240,4707
3,"Diffusion Only",0.575,2.5434471800817,5420,764287,5630
3,"Diffusion Only",0.575,2.66838591669,5667,779524,5862
3,"Diffusion Only",0.575,2.76529592969806,5715,779399,5835
3,"Diffusion Only",0.575,3.06632592536204,5776,779588,6117
3,"Diffusion Only",0.575,3.36735592102602,5627,767447,6052
3,"Diffusion Only",0.575,3.5434471800817,5813,775376,6093
3,"Diffusion Only",0.575,3.66838591669,5676,771816,6134
3,"Diffusion Only",0.575,3.76529592969806,5612,761676,6072
3,"Diffusion Only",1,-0.933674074637962,371,86701,0
3,"Diffusion Only",1,-0.632644078973981,577,136030,0
3,"Diffusion Only",1,-0.4565528199183,747,175531,0
3,"Diffusion Only",1,-0.33161408331,924,214057,0
3,"Diffusion Only",1,-0.234704070301943,917,221100,0
3,"Diffusion Only",1,0.0663259253620378,1311,302459,0
3,"Diffusion Only",1,0.367355921026019,1669,381362,0
3,"Diffusion Only",1,0.5434471800817,2070,458680,0
3,"Diffusion Only",1,0.66838591669,2389,506413,0
3,"Diffusion Only",1,0.765295929698057,2417,512744,0
3,"Diffusion Only",1,1.06632592536204,3236,618999,0
3,"Diffusion Only",1,1.36735592102602,4097,706842,0
3,"Diffusion Only",1,1.5434471800817,4562,747082,0
3,"Diffusion Only",1,1.66838591669,4756,748615,0
3,"Diffusion Only",1,1.76529592969806,5010,771197,0
3,"Diffusion Only",1,2.06632592536204,5769,791429,0
3,"Diffusion Only",1,2.36735592102602,6441,803726,0
3,"Diffusion Only",1,2.5434471800817,6512,803091,0
3,"Diffusion Only",1,2.66838591669,6681,816449,0
3,"Diffusion Only",1,2.76529592969806,6640,811486,0
3,"Diffusion Only",1,3.06632592536204,6582,803529,0
3,"Diffusion Only",1,3.36735592102602,6669,814178,0
3,"Diffusion Only",1,3.5434471800817,6638,806504,0
3,"Diffusion Only",1,3.66838591669,6597,812852,0
3,"Diffusion Only",1,3.76529592969806,6513,797839,0
4,"Diffusion Only",0.575,-0.933674074637962,92,19270,63
4,"Diffusion Only",0.575,-0.632644078973981,144,30286,85
4,"Diffusion Only",0.575,-0.4565528199183,170,39112,122
4,"Diffusion Only",0.575,-0.33161408331,217,50818,151
4,"Diffusion Only",0.575,-0.234704070301943,255,59831,172
4,"Diffusion Only",0.575,0.0663259253620378,509,118016,343
4,"Diffusion Only",0.575,0.367355921026019,885,213438,542
4,"Diffusion Only",0.575,0.5434471800817,1064,248473,673
4,"Diffusion Only",0.575,0.66838591669,1126,269725,757
4,"Diffusion Only",0.575,0.765295929698057,1272,295712,865
4,"Diffusion Only",0.575,1.06632592536204,1734,389845,1130
4,"Diffusion Only",0.575,1.36735592102602,2288,483175,1545
4,"Diffusion Only",0.575,1.5434471800817,2667,541080,1840
4,"Diffusion Only",0.575,1.66838591669,2926,582024,2077
4,"Diffusion Only",0.575,1.76529592969806,3221,614886,2284
4,"Diffusion Only",0.575,2.06632592536204,3975,694789,3044
4,"Diffusion Only",0.575,2.36735592102602,4840,749991,4297
4,"Diffusion Only",0.575,2.5434471800817,5454,778733,5545
4,"Diffusion Only",0.575,2.66838591669,5632,774421,5823
4,"Diffusion Only",0.575,2.76529592969806,5726,784054,5965
4,"Diffusion Only",0.575,3.06632592536204,5687,776249,6037
4,"Diffusion Only",0.575,3.36735592102602,5736,782509,6019
4,"Diffusion Only",0.575,3.5434471800817,5716,774791,6024
4,"Diffusion Only",0.575,3.66838591669,5696,775703,6057
4,"Diffusion Only",0.575,3.76529592969806,5816,791578,6070
4,"Diffusion Only",1,-0.933674074637962,333,80117,0
4,"Diffusion Only",1,-0.632644078973981,590,133995,0
4,"Diffusion Only",1,-0.4565528199183,747,181537,0
4,"Diffusion Only",1,-0.33161408331,860,205991,0
4,"Diffusion Only",1,-0.234704070301943,939,224561,0
4,"Diffusion Only",1,0.0663259253620378,1289,304075,0
4,"Diffusion Only",1,0.367355921026019,1752,390851,0
4,"Diffusion Only",1,0.5434471800817,2087,448360,0
4,"Diffusion Only",1,0.66838591669,2323,489240,0
4,"Diffusion Only",1,0.765295929698057,2609,535719,0
4,"Diffusion Only",1,1.06632592536204,3129,606968,0
4,"Diffusion Only",1,1.36735592102602,4093,697351,0
4,"Diffusion Only",1,1.5434471800817,4502,738695,0
4,"Diffusion Only",1,1.66838591669,4762,753063,0
4,"Diffusion Only",1,1.76529592969806,5074,765049,0
4,"Diffusion Only",1,2.06632592536204,5766,788260,0
4,"Diffusion Only",1,2.36735592102602,6276,802950,0
4,"Diffusion Only",1,2.5434471800817,6529,812286,0
4,"Diffusion Only",1,2.66838591669,6519,810260,0
4,"Diffusion Only",1,2.76529592969806,6614,808714,0
4,"Diffusion Only",1,3.06632592536204,6605,804976,0
4,"Diffusion Only",1,3.36735592102602,6541,801618,0
4,"Diffusion Only",1,3.5434471800817,6651,806310,0
4,"Diffusion Only",1,3.66838591669,6633,800323,0
4,"Diffusion Only",1,3.76529592969806,6623,811033,0
5,"Diffusion Only",0.575,-0.933674074637962,89,19546,66
5,"Diffusion Only",0.575,-0.632644078973981,124,27885,87
5,"Diffusion Only",0.575,-0.4565528199183,179,40495,126
5,"Diffusion Only",0.575,-0.33161408331,206,47518,153
5,"Diffusion Only",0.575,-0.234704070301943,258,60249,187
5,"Diffusion Only",0.575,0.0663259253620378,517,119770,335
5,"Diffusion Only",0.575,0.367355921026019,885,210221,580
5,"Diffusion Only",0.575,0.5434471800817,1022,242362,685
5,"Diffusion Only",0.575,0.66838591669,1205,280812,761
5,"Diffusion Only",0.575,0.765295929698057,1280,298077,848
5,"Diffusion Only",0.575,1.06632592536204,1741,387774,1178
5,"Diffusion Only",0.575,1.36735592102602,2293,480429,1599
5,"Diffusion Only",0.575,1.5434471800817,2616,530397,1872
5,"Diffusion Only",0.575,1.66838591669,2974,582366,2061
5,"Diffusion Only",0.575,1.76529592969806,3203,614241,2378
5,"Diffusion Only",0.575,2.06632592536204,3971,688394,3100
5,"Diffusion Only",0.575,2.36735592102602,4831,744195,4579
5,"Diffusion Only",0.575,2.5434471800817,5300,766432,5225
5,"Diffusion Only",0.575,2.66838591669,5539,770560,5554
5,"Diffusion Only",0.575,2.76529592969806,5763,783495,6041
5,"Diffusion Only",0.575,3.06632592536204,5745,783134,6075
5,"Diffusion Only",0.575,3.36735592102602,5784,787364,6035
5,"Diffusion Only",0.575,3.5434471800817,5683,772411,6108
5,"Diffusion Only",0.575,3.66838591669,5760,776439,6094
5,"Diffusion Only",0.575,3.76529592969806,5776,786324,6108
5,"Diffusion Only",1,-0.933674074637962,345,79205,0
5,"Diffusion Only",1,-0.632644078973981,518,122744,0
5,"Diffusion Only",1,-0.4565528199183,736,177221,0
5,"Diffusion Only",1,-0.33161408331,869,211430,0
5,"Diffusion Only",1,-0.234704070301943,933,222333,0
5,"Diffusion Only",1,0.0663259253620378,1322,308296,0
5,"Diffusion Only",1,0.367355921026019,1746,397881,0
5,"Diffusion Only",1,0.5434471800817,2036,448135,0
5,"Diffusion Only",1,0.66838591669,2356,489109,0
5,"Diffusion Only",1,0.765295929698057,2522,520468,0
5,"Diffusion Only",1,1.06632592536204,3269,627076,0
5,"Diffusion Only",1,1.36735592102602,3969,700455,0
5,"Diffusion Only",1,1.5434471800817,4430,730834,0
5,"Diffusion Only",1,1.66838591669,4849,760107,0
5,"Diffusion Only",1,1.76529592969806,5278,770651,0
5,"Diffusion Only",1,2.06632592536204,5817,792743,0
5,"Diffusion Only",1,2.36735592102602,6446,806652,0
5,"Diffusion Only",1,2.5434471800817,6542,803621,0
5,"Diffusion Only",1,2.66838591669,6577,811590,0
5,"Diffusion Only",1,2.76529592969806,6622,812152,0
5,"Diffusion Only",1,3.06632592536204,6615,800370,0
5,"Diffusion Only",1,3.36735592102602,6654,811029,0
5,"Diffusion Only",1,3.5434471800817,6653,806322,0
5,"Diffusion Only",1,3.66838591669,6643,810866,0
5,"Diffusion Only",1,3.76529592969806,6667,808431,0
6,"Diffusion Only",0.575,-0.933674074637962,92,19911,61
6,"Diffusion Only",0.575,-0.632644078973981,121,27663,93
6,"Diffusion Only",0.575,-0.4565528199183,177,40849,122
6,"Diffusion Only",0.575,-0.33161408331,209,48441,173
6,"Diffusion Only",0.575,-0.234704070301943,259,57539,184
6,"Diffusion Only",0.575,0.0663259253620378,506,115233,322
6,"Diffusion Only",0.575,0.367355921026019,919,214488,608
6,"Diffusion Only",0.575,0.5434471800817,1045,247500,682
6,"Diffusion Only",0.575,0.66838591669,1219,283042,774
6,"Diffusion Only",0.575,0.765295929698057,1332,305369,846
6,"Diffusion Only",0.575,1.06632592536204,1779,395457,1136
6,"Diffusion Only",0.575,1.36735592102602,2370,498379,1625
6,"Diffusion Only",0.575,1.5434471800817,2645,537833,1828
6,"Diffusion Only",0.575,1.66838591669,2958,580417,2088
6,"Diffusion Only",0.575,1.76529592969806,3198,614745,2320
6,"Diffusion Only",0.575,2.06632592536204,4018,699689,3225
6,"Diffusion Only",0.575,2.36735592102602,4860,746560,4448
6,"Diffusion Only",0.575,2.5434471800817,5516,775531,5587
6,"Diffusion Only",0.575,2.66838591669,5492,760141,5665
6,"Diffusion Only",0.575,2.76529592969806,5615,766024,5919
6,"Diffusion Only",0.575,3.06632592536204,5775,778259,6196
6,"Diffusion Only",0.575,3.36735592102602,5743,783771,6126
6,"Diffusion Only",0.575,3.5434471800817,5763,780946,6174
6,"Diffusion Only",0.575,3.66838591669,5728,775972,6024
6,"Diffusion Only",0.575,3.76529592969806,5762,780482,6060
6,"Diffusion Only",1,-0.933674074637962,357,82337,0
6,"Diffusion Only",1,-0.632644078973981,562,130763,0
6,"Diffusion Only",1,-0.4565528199183,787,188274,0
6,"Diffusion Only",1,-0.33161408331,900,213929,0
6,"Diffusion Only",1,-0.234704070301943,939,225466,0
6,"Diffusion Only",1,0.0663259253620378,1251,293879,0
6,"Diffusion Only",1,0.367355921026019,1745,390602,0
6,"Diffusion Only",1,0.5434471800817,1938,424045,0
6,"Diffusion Only",1,0.66838591669,2232,479228,0
6,"Diffusion Only",1,0.765295929698057,2566,534661,0
6,"Diffusion Only",1,1.06632592536204,3238,616655,0
6,"Diffusion Only",1,1.36735592102602,3901,697378,0
6,"Diffusion Only",1,1.5434471800817,4440,731841,0
6,"Diffusion Only",1,1.66838591669,4738,745908,0
6,"Diffusion Only",1,1.76529592969806,5156,779932,0
6,"Diffusion Only",1,2.06632592536204,5816,794174,0
6,"Diffusion Only",1,2.36735592102602,6447,802545,0
6,"Diffusion Only",1,2.5434471800817,6571,807385,0
6,"Diffusion Only",1,2.66838591669,6593,806747,0
6,"Diffusion Only",1,2.76529592969806,6579,809357,0
6,"Diffusion Only",1,3.06632592536204,6637,802172,0
6,"Diffusion Only",1,3.36735592102602,6625,807139,0
6,"Diffusion Only",1,3.5434471800817,6654,816652,0
6,"Diffusion Only",1,3.66838591669,6586,805850,0
6,"Diffusion Only",1,3.76529592969806,6652,809658,0
7,"Diffusion Only",0.575,-0.933674074637962,82,17294,62
7,"Diffusion Only",0.575,-0.632644078973981,131,31118,88
7,"Diffusion Only",0.575,-0.4565528199183,173,39645,123
7,"Diffusion Only",0.575,-0.33161408331,216,50159,156
7,"Diffusion Only",0.575,-0.234704070301943,268,60260,185
7,"Diffusion Only",0.575,0.0663259253620378,484,113787,333
7,"Diffusion Only",0.575,0.367355921026019,927,216493,544
7,"Diffusion Only",0.575,0.5434471800817,1048,250321,668
7,"Diffusion Only",0.575,0.66838591669,1202,283417,783
7,"Diffusion Only",0.575,0.765295929698057,1308,299839,883
7,"Diffusion Only",0.575,1.06632592536204,1794,390587,1118
7,"Diffusion Only",0.575,1.36735592102602,2358,495814,1559
7,"Diffusion Only",0.575,1.5434471800817,2688,545660,1771
7,"Diffusion Only",0.575,1.66838591669,2917,575658,2082
7,"Diffusion Only",0.575,1.76529592969806,3165,613347,2295
7,"Diffusion Only",0.575,2.06632592536204,4032,685728,3126
7,"Diffusion Only",0.575,2.36735592102602,4745,732812,4406
7,"Diffusion Only",0.575,2.5434471800817,5414,769199,5434
7,"Diffusion Only",0.575,2.66838591669,5524,761470,5552
7,"Diffusion Only",0.575,2.76529592969806,5704,780078,5774
7,"Diffusion Only",0.575,3.06632592536204,5755,773302,5998
7,"Diffusion Only",0.575,3.36735592102602,5778,781950,6107
7,"Diffusion Only",0.575,3.5434471800817,5840,789894,6068
7,"Diffusion Only",0.575,3.66838591669,5652,766520,6118
7,"Diffusion Only",0.575,3.76529592969806,5800,790897,5995
7,"Diffusion Only",1,-0.933674074637962,346,80573,0
7,"Diffusion Only",1,-0.632644078973981,546,132280,0
7,"Diffusion Only",1,-0.4565528199183,712,172479,0
7,"Diffusion Only",1,-0.33161408331,859,207141,0
7,"Diffusion Only",1,-0.234704070301943,1026,238618,0
7,"Diffusion Only",1,0.0663259253620378,1342,305334,0
7,"Diffusion Only",1,0.367355921026019,1709,383891,0
7,"Diffusion Only",1,0.5434471800817,2152,461439,0
7,"Diffusion Only",1,0.66838591669,2347,494640,0
7,"Diffusion Only",1,0.765295929698057,2462,520989,0
7,"Diffusion Only",1,1.06632592536204,3141,605055,0
7,"Diffusion Only",1,1.36735592102602,4129,706337,0
7,"Diffusion Only",1,1.5434471800817,4518,739367,0
7,"Diffusion Only",1,1.66838591669,4752,757730,0
7,"Diffusion Only",1,1.76529592969806,5098,770823,0
7,"Diffusion Only",1,2.06632592536204,5681,782456,0
7,"Diffusion Only",1,2.36735592102602,6335,804515,0
7,"Diffusion Only",1,2.5434471800817,6480,805524,0
7,"Diffusion Only",1,2.66838591669,6628,801946,0
7,"Diffusion Only",1,2.76529592969806,6585,797378,0
7,"Diffusion Only",1,3.06632592536204,6644,802615,0
7,"Diffusion Only",1,3.36735592102602,6711,816791,0
7,"Diffusion Only",1,3.5434471800817,6612,800218,0
7,"Diffusion Only",1,3.66838591669,6705,818105,0
7,"Diffusion Only",1,3.76529592969806,6589,802735,0
8,"Diffusion Only",0.575,-0.933674074637962,85,18864,68
8,"Diffusion Only",0.575,-0.632644078973981,132,30203,93
8,"Diffusion Only",0.575,-0.4565528199183,180,41029,130
8,"Diffusion Only",0.575,-0.33161408331,224,51300,150
8,"Diffusion Only",0.575,-0.234704070301943,259,59498,183
8,"Diffusion Only",0.575,0.0663259253620378,474,111718,326
8,"Diffusion Only",0.575,0.367355921026019,871,210057,557
8,"Diffusion Only",0.575,0.5434471800817,1044,245524,666
8,"Diffusion Only",0.575,0.66838591669,1182,274781,779
8,"Diffusion Only",0.575,0.765295929698057,1305,300472,856
8,"Diffusion Only",0.575,1.06632592536204,1728,384725,1154
8,"Diffusion Only",0.575,1.36735592102602,2350,489217,1641
8,"Diffusion Only",0.575,1.5434471800817,2651,544196,1995
8,"Diffusion Only",0.575,1.66838591669,3032,589368,2048
8,"Diffusion Only",0.575,1.76529592969806,3205,617256,2361
8,"Diffusion Only",0.575,2.06632592536204,3996,695629,3080
8,"Diffusion Only",0.575,2.36735592102602,4911,747659,4479
8,"Diffusion Only",0.575,2.5434471800817,5230,762945,5234
8,"Diffusion Only",0.575,2.66838591669,5502,770084,5522
8,"Diffusion Only",0.575,2.76529592969806,5724,776672,5963
8,"Diffusion Only",0.575,3.06632592536204,5721,773696,6010
8,"Diffusion Only",0.575,3.36735592102602,5637,771772,6131
8,"Diffusion Only",0.575,3.5434471800817,5836,785487,6046
8,"Diffusion Only",0.575,3.66838591669,5665,770308,6110
8,"Diffusion Only",0.575,3.76529592969806,5779,778917,6036
8,"Diffusion Only",1,-0.933674074637962,317,74345,0
8,"Diffusion Only",1,-0.632644078973981,544,125522,0
8,"Diffusion Only",1,-0.4565528199183,709,171159,0
8,"Diffusion Only",1,-0.33161408331,903,213045,0
8,"Diffusion Only",1,-0.234704070301943,953,225484,0
8,"Diffusion Only",1,0.0663259253620378,1275,295196,0
8,"Diffusion Only",1,0.367355921026019,1668,378926,0
8,"Diffusion Only",1,0.5434471800817,2092,455916,0
8,"Diffusion Only",1,0.66838591669,2270,487233,0
8,"Diffusion Only",1,0.765295929698057,2557,534167,0
8,"Diffusion Only",1,1.06632592536204,3232,621969,0
8,"Diffusion Only",1,1.36735592102602,4187,708728,0
8,"Diffusion Only",1,1.5434471800817,4502,734371,0
8,"Diffusion Only",1,1.66838591669,4694,744169,0
8,"Diffusion Only",1,1.76529592969806,5165,773352,0
8,"Diffusion Only",1,2.06632592536204,5739,787395,0
8,"Diffusion Only",1,2.36735592102602,6329,798399,0
8,"Diffusion Only",1,2.5434471800817,6509,801863,0
8,"Diffusion Only",1,2.66838591669,6554,805678,0
8,"Diffusion Only",1,2.76529592969806,6582,807273,0
8,"Diffusion Only",1,3.06632592536204,6600,800372,0
8,"Diffusion Only",1,3.36735592102602,6583,798819,0
8,"Diffusion Only",1,3.5434471800817,6649,816425,0
8,"Diffusion Only",1,3.66838591669,6671,814424,0
8,"Diffusion Only",1,3.76529592969806,6579,804015,0
9,"Diffusion Only",0.575,-0.933674074637962,82,18876,63
9,"Diffusion Only",0.575,-0.632644078973981,122,27843,93
9,"Diffusion Only",0.575,-0.4565528199183,170,39083,124
9,"Diffusion Only",0.575,-0.33161408331,226,51372,165
9,"Diffusion Only",0.575,-0.234704070301943,274,61667,180
9,"Diffusion Only",0.575,0.0663259253620378,481,110497,351
9,"Diffusion Only",0.575,0.367355921026019,854,202639,573
9,"Diffusion Only",0.575,0.5434471800817,1090,252028,670
9,"Diffusion Only",0.575,0.66838591669,1188,280841,789
9,"Diffusion Only",0.575,0.765295929698057,1271,296407,877
9,"Diffusion Only",0.575,1.06632592536204,1759,383996,1180
9,"Diffusion Only",0.575,1.36735592102602,2227,476924,1521
9,"Diffusion Only",0.575,1.5434471800817,2684,546479,1852
9,"Diffusion Only",0.575,1.66838591669,3025,594492,2094
9,"Diffusion Only",0.575,1.76529592969806,3199,619910,2238
9,"Diffusion Only",0.575,2.06632592536204,4059,703898,3297
9,"Diffusion Only",0.575,2.36735592102602,4922,746086,4324
9,"Diffusion Only",0.575,2.5434471800817,5380,771549,5455
9,"Diffusion Only",0.575,2.66838591669,5609,772235,6003
9,"Diffusion Only",0.575,2.76529592969806,5599,770082,5925
9,"Diffusion Only",0.575,3.06632592536204,5731,772815,6057
9,"Diffusion Only",0.575,3.36735592102602,5718,768878,6102
9,"Diffusion Only",0.575,3.5434471800817,5721,780859,6181
9,"Diffusion Only",0.575,3.66838591669,5752,781152,6133
9,"Diffusion Only",0.575,3.76529592969806,5797,783584,6114
9,"Diffusion Only",1,-0.933674074637962,344,80535,0
9,"Diffusion Only",1,-0.632644078973981,555,126892,0
9,"Diffusion Only",1,-0.4565528199183,745,182042,0
9,"Diffusion Only",1,-0.33161408331,818,199559,0
9,"Diffusion Only",1,-0.234704070301943,943,223891,0
9,"Diffusion Only",1,0.0663259253620378,1331,301551,0
9,"Diffusion Only",1,0.367355921026019,1690,379910,0
9,"Diffusion Only",1,0.5434471800817,2061,451395,0
9,"Diffusion Only",1,0.66838591669,2406,498680,0
9,"Diffusion Only",1,0.765295929698057,2414,501158,0
9,"Diffusion Only",1,1.06632592536204,3292,632771,0
9,"Diffusion Only",1,1.36735592102602,4129,708215,0
9,"Diffusion Only",1,1.5434471800817,4413,729768,0
9,"Diffusion Only",1,1.66838591669,4817,753496,0
9,"Diffusion Only",1,1.76529592969806,5022,759743,0
9,"Diffusion Only",1,2.06632592536204,5804,797516,0
9,"Diffusion Only",1,2.36735592102602,6395,804430,0
9,"Diffusion Only",1,2.5434471800817,6468,795096,0
9,"Diffusion Only",1,2.66838591669,6658,808166,0
9,"Diffusion Only",1,2.76529592969806,6647,814511,0
9,"Diffusion Only",1,3.06632592536204,6664,808569,0
9,"Diffusion Only",1,3.36735592102602,6589,801384,0
9,"Diffusion Only",1,3.5434471800817,6741,823616,0
9,"Diffusion Only",1,3.66838591669,6639,804464,0
9,"Diffusion Only",1,3.76529592969806,6595,805272,0
10,"Diffusion Only",0.575,-0.933674074637962,89,18525,73
10,"Diffusion Only",0.575,-0.632644078973981,105,23924,93
10,"Diffusion Only",0.575,-0.4565528199183,164,38274,121
10,"Diffusion Only",0.575,-0.33161408331,217,49121,155
10,"Diffusion Only",0.575,-0.234704070301943,257,60409,183
10,"Diffusion Only",0.575,0.0663259253620378,455,107584,331
10,"Diffusion Only",0.575,0.367355921026019,892,214484,562
10,"Diffusion Only",0.575,0.5434471800817,1045,244497,684
10,"Diffusion Only",0.575,0.66838591669,1227,283003,747
10,"Diffusion Only",0.575,0.765295929698057,1336,309156,822
10,"Diffusion Only",0.575,1.06632592536204,1817,399626,1168
10,"Diffusion Only",0.575,1.36735592102602,2311,485402,1581
10,"Diffusion Only",0.575,1.5434471800817,2683,541640,1864
10,"Diffusion Only",0.575,1.66838591669,2939,583516,2082
10,"Diffusion Only",0.575,1.76529592969806,3107,608104,2248
10,"Diffusion Only",0.575,2.06632592536204,4037,701498,3312
10,"Diffusion Only",0.575,2.36735592102602,4992,758084,4741
10,"Diffusion Only",0.575,2.5434471800817,5427,777445,5457
10,"Diffusion Only",0.575,2.66838591669,5623,770992,5736
10,"Diffusion Only",0.575,2.76529592969806,5637,768152,5824
10,"Diffusion Only",0.575,3.06632592536204,5712,778122,6018
10,"Diffusion Only",0.575,3.36735592102602,5736,771193,6142
10,"Diffusion Only",0.575,3.5434471800817,5710,781638,6087
10,"Diffusion Only",0.575,3.66838591669,5662,776872,6034
10,"Diffusion Only",0.575,3.76529592969806,5643,768712,6072
10,"Diffusion Only",1,-0.933674074637962,328,75664,0
10,"Diffusion Only",1,-0.632644078973981,530,128027,0
10,"Diffusion Only",1,-0.4565528199183,752,176400,0
10,"Diffusion Only",1,-0.33161408331,847,201727,0
10,"Diffusion Only",1,-0.234704070301943,949,224392,0
10,"Diffusion Only",1,0.0663259253620378,1330,307444,0
10,"Diffusion Only",1,0.367355921026019,1728,390552,0
10,"Diffusion Only",1,0.5434471800817,2073,456755,0
10,"Diffusion Only",1,0.66838591669,2297,486952,0
10,"Diffusion Only",1,0.765295929698057,2547,524750,0
10,"Diffusion Only",1,1.06632592536204,3282,620508,0
10,"Diffusion Only",1,1.36735592102602,4008,710770,0
10,"Diffusion Only",1,1.5434471800817,4503,734745,0
10,"Diffusion Only",1,1.66838591669,4736,760525,0
10,"Diffusion Only",1,1.76529592969806,5190,777457,0
10,"Diffusion Only",1,2.06632592536204,5800,801227,0
10,"Diffusion Only",1,2.36735592102602,6472,807680,0
10,"Diffusion Only",1,2.5434471800817,6624,811124,0
10,"Diffusion Only",1,2.66838591669,6620,809931,0
10,"Diffusion Only",1,2.76529592969806,6554,809330,0
10,"Diffusion Only",1,3.06632592536204,6618,807163,0
10,"Diffusion Only",1,3.36735592102602,6570,804598,0
10,"Diffusion Only",1,3.5434471800817,6570,797918,0
10,"Diffusion Only",1,3.66838591669,6682,808681,0
10,"Diffusion Only",1,3.76529592969806,6608,802765,0
