"t","Pp","Virus_D","Productive"
1,0.575,0.0663259253620378,1
2,0.575,0.0663259253620378,1
3,0.575,0.0663259253620378,2
4,0.575,0.0663259253620378,2
5,0.575,0.0663259253620378,4
6,0.575,0.0663259253620378,5
7,0.575,0.0663259253620378,4
8,0.575,0.0663259253620378,3
9,0.575,0.0663259253620378,5
10,0.575,0.0663259253620378,6
11,0.575,0.0663259253620378,8
12,0.575,0.0663259253620378,15
13,0.575,0.0663259253620378,18
14,0.575,0.0663259253620378,20
15,0.575,0.0663259253620378,26
16,0.575,0.0663259253620378,24
17,0.575,0.0663259253620378,32
18,0.575,0.0663259253620378,38
19,0.575,0.0663259253620378,46
20,0.575,0.0663259253620378,53
21,0.575,0.0663259253620378,66
22,0.575,0.0663259253620378,62
23,0.575,0.0663259253620378,66
24,0.575,0.0663259253620378,68
25,0.575,0.0663259253620378,70
26,0.575,0.0663259253620378,83
27,0.575,0.0663259253620378,92
28,0.575,0.0663259253620378,99
29,0.575,0.0663259253620378,105
30,0.575,0.0663259253620378,107
31,0.575,0.0663259253620378,115
32,0.575,0.0663259253620378,117
33,0.575,0.0663259253620378,124
34,0.575,0.0663259253620378,120
35,0.575,0.0663259253620378,127
36,0.575,0.0663259253620378,144
37,0.575,0.0663259253620378,138
38,0.575,0.0663259253620378,142
39,0.575,0.0663259253620378,148
40,0.575,0.0663259253620378,150
41,0.575,0.0663259253620378,167
42,0.575,0.0663259253620378,164
43,0.575,0.0663259253620378,177
44,0.575,0.0663259253620378,184
45,0.575,0.0663259253620378,179
46,0.575,0.0663259253620378,173
47,0.575,0.0663259253620378,180
48,0.575,0.0663259253620378,187
49,0.575,0.0663259253620378,187
50,0.575,0.0663259253620378,203
51,0.575,0.0663259253620378,198
52,0.575,0.0663259253620378,210
53,0.575,0.0663259253620378,209
54,0.575,0.0663259253620378,220
55,0.575,0.0663259253620378,227
56,0.575,0.0663259253620378,232
57,0.575,0.0663259253620378,240
58,0.575,0.0663259253620378,242
59,0.575,0.0663259253620378,245
60,0.575,0.0663259253620378,255
61,0.575,0.0663259253620378,276
62,0.575,0.0663259253620378,277
63,0.575,0.0663259253620378,281
64,0.575,0.0663259253620378,277
65,0.575,0.0663259253620378,282
66,0.575,0.0663259253620378,280
67,0.575,0.0663259253620378,289
68,0.575,0.0663259253620378,282
69,0.575,0.0663259253620378,295
70,0.575,0.0663259253620378,303
71,0.575,0.0663259253620378,312
72,0.575,0.0663259253620378,316
73,0.575,0.0663259253620378,337
74,0.575,0.0663259253620378,359
75,0.575,0.0663259253620378,353
76,0.575,0.0663259253620378,356
77,0.575,0.0663259253620378,361
78,0.575,0.0663259253620378,355
79,0.575,0.0663259253620378,367
80,0.575,0.0663259253620378,370
81,0.575,0.0663259253620378,369
82,0.575,0.0663259253620378,382
83,0.575,0.0663259253620378,381
84,0.575,0.0663259253620378,404
85,0.575,0.0663259253620378,415
86,0.575,0.0663259253620378,416
87,0.575,0.0663259253620378,426
88,0.575,0.0663259253620378,408
89,0.575,0.0663259253620378,416
90,0.575,0.0663259253620378,418
91,0.575,0.0663259253620378,428
92,0.575,0.0663259253620378,447
93,0.575,0.0663259253620378,475
94,0.575,0.0663259253620378,478
95,0.575,0.0663259253620378,493
96,0.575,0.0663259253620378,495
1,0.575,-0.933674074637962,1
2,0.575,-0.933674074637962,1
3,0.575,-0.933674074637962,1
4,0.575,-0.933674074637962,1
5,0.575,-0.933674074637962,2
6,0.575,-0.933674074637962,2
7,0.575,-0.933674074637962,3
8,0.575,-0.933674074637962,4
9,0.575,-0.933674074637962,4
10,0.575,-0.933674074637962,2
11,0.575,-0.933674074637962,3
12,0.575,-0.933674074637962,5
13,0.575,-0.933674074637962,4
14,0.575,-0.933674074637962,6
15,0.575,-0.933674074637962,5
16,0.575,-0.933674074637962,4
17,0.575,-0.933674074637962,5
18,0.575,-0.933674074637962,6
19,0.575,-0.933674074637962,8
20,0.575,-0.933674074637962,6
21,0.575,-0.933674074637962,10
22,0.575,-0.933674074637962,10
23,0.575,-0.933674074637962,12
24,0.575,-0.933674074637962,12
25,0.575,-0.933674074637962,9
26,0.575,-0.933674074637962,12
27,0.575,-0.933674074637962,16
28,0.575,-0.933674074637962,18
29,0.575,-0.933674074637962,16
30,0.575,-0.933674074637962,16
31,0.575,-0.933674074637962,15
32,0.575,-0.933674074637962,14
33,0.575,-0.933674074637962,19
34,0.575,-0.933674074637962,21
35,0.575,-0.933674074637962,24
36,0.575,-0.933674074637962,24
37,0.575,-0.933674074637962,26
38,0.575,-0.933674074637962,23
39,0.575,-0.933674074637962,27
40,0.575,-0.933674074637962,28
41,0.575,-0.933674074637962,29
42,0.575,-0.933674074637962,26
43,0.575,-0.933674074637962,28
44,0.575,-0.933674074637962,25
45,0.575,-0.933674074637962,28
46,0.575,-0.933674074637962,30
47,0.575,-0.933674074637962,31
48,0.575,-0.933674074637962,38
49,0.575,-0.933674074637962,33
50,0.575,-0.933674074637962,27
51,0.575,-0.933674074637962,34
52,0.575,-0.933674074637962,43
53,0.575,-0.933674074637962,41
54,0.575,-0.933674074637962,38
55,0.575,-0.933674074637962,38
56,0.575,-0.933674074637962,37
57,0.575,-0.933674074637962,40
58,0.575,-0.933674074637962,45
59,0.575,-0.933674074637962,46
60,0.575,-0.933674074637962,44
61,0.575,-0.933674074637962,50
62,0.575,-0.933674074637962,52
63,0.575,-0.933674074637962,54
64,0.575,-0.933674074637962,52
65,0.575,-0.933674074637962,54
66,0.575,-0.933674074637962,46
67,0.575,-0.933674074637962,51
68,0.575,-0.933674074637962,54
69,0.575,-0.933674074637962,55
70,0.575,-0.933674074637962,52
71,0.575,-0.933674074637962,54
72,0.575,-0.933674074637962,50
73,0.575,-0.933674074637962,49
74,0.575,-0.933674074637962,52
75,0.575,-0.933674074637962,57
76,0.575,-0.933674074637962,54
77,0.575,-0.933674074637962,57
78,0.575,-0.933674074637962,49
79,0.575,-0.933674074637962,50
80,0.575,-0.933674074637962,46
81,0.575,-0.933674074637962,56
82,0.575,-0.933674074637962,63
83,0.575,-0.933674074637962,58
84,0.575,-0.933674074637962,59
85,0.575,-0.933674074637962,54
86,0.575,-0.933674074637962,66
87,0.575,-0.933674074637962,66
88,0.575,-0.933674074637962,64
89,0.575,-0.933674074637962,63
90,0.575,-0.933674074637962,64
91,0.575,-0.933674074637962,69
92,0.575,-0.933674074637962,67
93,0.575,-0.933674074637962,81
94,0.575,-0.933674074637962,87
95,0.575,-0.933674074637962,81
96,0.575,-0.933674074637962,78
1,0.575,1.06632592536204,1
2,0.575,1.06632592536204,1
3,0.575,1.06632592536204,1
4,0.575,1.06632592536204,1
5,0.575,1.06632592536204,1
6,0.575,1.06632592536204,2
7,0.575,1.06632592536204,2
8,0.575,1.06632592536204,1
9,0.575,1.06632592536204,2
10,0.575,1.06632592536204,6
11,0.575,1.06632592536204,6
12,0.575,1.06632592536204,9
13,0.575,1.06632592536204,11
14,0.575,1.06632592536204,26
15,0.575,1.06632592536204,37
16,0.575,1.06632592536204,51
17,0.575,1.06632592536204,74
18,0.575,1.06632592536204,115
19,0.575,1.06632592536204,137
20,0.575,1.06632592536204,161
21,0.575,1.06632592536204,183
22,0.575,1.06632592536204,214
23,0.575,1.06632592536204,257
24,0.575,1.06632592536204,289
25,0.575,1.06632592536204,337
26,0.575,1.06632592536204,375
27,0.575,1.06632592536204,420
28,0.575,1.06632592536204,461
29,0.575,1.06632592536204,530
30,0.575,1.06632592536204,584
31,0.575,1.06632592536204,633
32,0.575,1.06632592536204,687
33,0.575,1.06632592536204,740
34,0.575,1.06632592536204,782
35,0.575,1.06632592536204,834
36,0.575,1.06632592536204,869
37,0.575,1.06632592536204,905
38,0.575,1.06632592536204,969
39,0.575,1.06632592536204,1039
40,0.575,1.06632592536204,1073
41,0.575,1.06632592536204,1111
42,0.575,1.06632592536204,1177
43,0.575,1.06632592536204,1221
44,0.575,1.06632592536204,1285
45,0.575,1.06632592536204,1347
46,0.575,1.06632592536204,1429
47,0.575,1.06632592536204,1474
48,0.575,1.06632592536204,1500
49,0.575,1.06632592536204,1550
50,0.575,1.06632592536204,1591
51,0.575,1.06632592536204,1667
52,0.575,1.06632592536204,1729
53,0.575,1.06632592536204,1720
54,0.575,1.06632592536204,1715
55,0.575,1.06632592536204,1624
56,0.575,1.06632592536204,1533
57,0.575,1.06632592536204,1420
58,0.575,1.06632592536204,1320
59,0.575,1.06632592536204,1207
60,0.575,1.06632592536204,1089
61,0.575,1.06632592536204,983
62,0.575,1.06632592536204,890
63,0.575,1.06632592536204,803
64,0.575,1.06632592536204,709
65,0.575,1.06632592536204,631
66,0.575,1.06632592536204,535
67,0.575,1.06632592536204,454
68,0.575,1.06632592536204,361
69,0.575,1.06632592536204,294
70,0.575,1.06632592536204,248
71,0.575,1.06632592536204,202
72,0.575,1.06632592536204,161
73,0.575,1.06632592536204,128
74,0.575,1.06632592536204,107
75,0.575,1.06632592536204,88
76,0.575,1.06632592536204,82
77,0.575,1.06632592536204,68
78,0.575,1.06632592536204,56
79,0.575,1.06632592536204,48
80,0.575,1.06632592536204,36
81,0.575,1.06632592536204,28
82,0.575,1.06632592536204,23
83,0.575,1.06632592536204,18
84,0.575,1.06632592536204,16
85,0.575,1.06632592536204,14
86,0.575,1.06632592536204,10
87,0.575,1.06632592536204,8
88,0.575,1.06632592536204,6
89,0.575,1.06632592536204,4
90,0.575,1.06632592536204,3
91,0.575,1.06632592536204,2
92,0.575,1.06632592536204,1
93,0.575,1.06632592536204,1
94,0.575,1.06632592536204,1
95,0.575,1.06632592536204,1
96,0.575,1.06632592536204,1
1,0.575,2.06632592536204,1
2,0.575,2.06632592536204,1
3,0.575,2.06632592536204,1
4,0.575,2.06632592536204,1
5,0.575,2.06632592536204,1
6,0.575,2.06632592536204,3
7,0.575,2.06632592536204,2
8,0.575,2.06632592536204,2
9,0.575,2.06632592536204,2
10,0.575,2.06632592536204,2
11,0.575,2.06632592536204,2
12,0.575,2.06632592536204,2
13,0.575,2.06632592536204,2
14,0.575,2.06632592536204,5
15,0.575,2.06632592536204,5
16,0.575,2.06632592536204,5
17,0.575,2.06632592536204,4
18,0.575,2.06632592536204,5
19,0.575,2.06632592536204,5
20,0.575,2.06632592536204,10
21,0.575,2.06632592536204,14
22,0.575,2.06632592536204,19
23,0.575,2.06632592536204,24
24,0.575,2.06632592536204,37
25,0.575,2.06632592536204,45
26,0.575,2.06632592536204,61
27,0.575,2.06632592536204,105
28,0.575,2.06632592536204,153
29,0.575,2.06632592536204,229
30,0.575,2.06632592536204,353
31,0.575,2.06632592536204,528
32,0.575,2.06632592536204,759
33,0.575,2.06632592536204,1133
34,0.575,2.06632592536204,1488
35,0.575,2.06632592536204,1960
36,0.575,2.06632592536204,2450
37,0.575,2.06632592536204,2915
38,0.575,2.06632592536204,3316
39,0.575,2.06632592536204,3796
40,0.575,2.06632592536204,3964
41,0.575,2.06632592536204,3945
42,0.575,2.06632592536204,3712
43,0.575,2.06632592536204,3229
44,0.575,2.06632592536204,2662
45,0.575,2.06632592536204,2205
46,0.575,2.06632592536204,1799
47,0.575,2.06632592536204,1442
48,0.575,2.06632592536204,1187
49,0.575,2.06632592536204,958
50,0.575,2.06632592536204,789
51,0.575,2.06632592536204,622
52,0.575,2.06632592536204,504
53,0.575,2.06632592536204,414
54,0.575,2.06632592536204,338
55,0.575,2.06632592536204,277
56,0.575,2.06632592536204,219
57,0.575,2.06632592536204,176
58,0.575,2.06632592536204,143
59,0.575,2.06632592536204,116
60,0.575,2.06632592536204,94
61,0.575,2.06632592536204,73
62,0.575,2.06632592536204,63
63,0.575,2.06632592536204,51
64,0.575,2.06632592536204,47
65,0.575,2.06632592536204,37
66,0.575,2.06632592536204,30
67,0.575,2.06632592536204,23
68,0.575,2.06632592536204,20
69,0.575,2.06632592536204,15
70,0.575,2.06632592536204,14
71,0.575,2.06632592536204,12
72,0.575,2.06632592536204,10
73,0.575,2.06632592536204,8
74,0.575,2.06632592536204,7
75,0.575,2.06632592536204,6
76,0.575,2.06632592536204,5
77,0.575,2.06632592536204,3
78,0.575,2.06632592536204,3
79,0.575,2.06632592536204,3
80,0.575,2.06632592536204,1
81,0.575,2.06632592536204,1
82,0.575,2.06632592536204,1
83,0.575,2.06632592536204,1
84,0.575,2.06632592536204,1
85,0.575,2.06632592536204,1
86,0.575,2.06632592536204,1
87,0.575,2.06632592536204,1
88,0.575,2.06632592536204,1
89,0.575,2.06632592536204,1
90,0.575,2.06632592536204,1
91,0.575,2.06632592536204,1
92,0.575,2.06632592536204,1
93,0.575,2.06632592536204,1
94,0.575,2.06632592536204,1
95,0.575,2.06632592536204,1
96,0.575,2.06632592536204,1
1,0.575,3.06632592536204,1
2,0.575,3.06632592536204,1
3,0.575,3.06632592536204,1
4,0.575,3.06632592536204,1
5,0.575,3.06632592536204,1
6,0.575,3.06632592536204,3
7,0.575,3.06632592536204,2
8,0.575,3.06632592536204,2
9,0.575,3.06632592536204,1
10,0.575,3.06632592536204,1
11,0.575,3.06632592536204,1
12,0.575,3.06632592536204,2
13,0.575,3.06632592536204,2
14,0.575,3.06632592536204,1
15,0.575,3.06632592536204,2
16,0.575,3.06632592536204,1
17,0.575,3.06632592536204,4
18,0.575,3.06632592536204,4
19,0.575,3.06632592536204,5
20,0.575,3.06632592536204,6
21,0.575,3.06632592536204,7
22,0.575,3.06632592536204,7
23,0.575,3.06632592536204,8
24,0.575,3.06632592536204,9
25,0.575,3.06632592536204,12
26,0.575,3.06632592536204,15
27,0.575,3.06632592536204,22
28,0.575,3.06632592536204,25
29,0.575,3.06632592536204,24
30,0.575,3.06632592536204,31
31,0.575,3.06632592536204,37
32,0.575,3.06632592536204,54
33,0.575,3.06632592536204,64
34,0.575,3.06632592536204,93
35,0.575,3.06632592536204,141
36,0.575,3.06632592536204,191
37,0.575,3.06632592536204,273
38,0.575,3.06632592536204,418
39,0.575,3.06632592536204,693
40,0.575,3.06632592536204,1137
41,0.575,3.06632592536204,1990
42,0.575,3.06632592536204,3187
43,0.575,3.06632592536204,4599
44,0.575,3.06632592536204,5667
45,0.575,3.06632592536204,5555
46,0.575,3.06632592536204,4641
47,0.575,3.06632592536204,3781
48,0.575,3.06632592536204,3071
49,0.575,3.06632592536204,2473
50,0.575,3.06632592536204,2019
51,0.575,3.06632592536204,1606
52,0.575,3.06632592536204,1300
53,0.575,3.06632592536204,1052
54,0.575,3.06632592536204,848
55,0.575,3.06632592536204,676
56,0.575,3.06632592536204,546
57,0.575,3.06632592536204,440
58,0.575,3.06632592536204,343
59,0.575,3.06632592536204,283
60,0.575,3.06632592536204,234
61,0.575,3.06632592536204,177
62,0.575,3.06632592536204,139
63,0.575,3.06632592536204,114
64,0.575,3.06632592536204,89
65,0.575,3.06632592536204,69
66,0.575,3.06632592536204,60
67,0.575,3.06632592536204,46
68,0.575,3.06632592536204,35
69,0.575,3.06632592536204,31
70,0.575,3.06632592536204,21
71,0.575,3.06632592536204,18
72,0.575,3.06632592536204,15
73,0.575,3.06632592536204,11
74,0.575,3.06632592536204,9
75,0.575,3.06632592536204,9
76,0.575,3.06632592536204,8
77,0.575,3.06632592536204,8
78,0.575,3.06632592536204,7
79,0.575,3.06632592536204,5
80,0.575,3.06632592536204,4
81,0.575,3.06632592536204,4
82,0.575,3.06632592536204,3
83,0.575,3.06632592536204,2
84,0.575,3.06632592536204,2
85,0.575,3.06632592536204,1
86,0.575,3.06632592536204,1
87,0.575,3.06632592536204,1
88,0.575,3.06632592536204,1
89,0.575,3.06632592536204,1
90,0.575,3.06632592536204,1
91,0.575,3.06632592536204,1
92,0.575,3.06632592536204,1
93,0.575,3.06632592536204,1
94,0.575,3.06632592536204,1
95,0.575,3.06632592536204,1
96,0.575,3.06632592536204,1
1,0.575,0.367355921026019,1
2,0.575,0.367355921026019,1
3,0.575,0.367355921026019,1
4,0.575,0.367355921026019,1
5,0.575,0.367355921026019,1
6,0.575,0.367355921026019,1
7,0.575,0.367355921026019,3
8,0.575,0.367355921026019,6
9,0.575,0.367355921026019,7
10,0.575,0.367355921026019,6
11,0.575,0.367355921026019,10
12,0.575,0.367355921026019,16
13,0.575,0.367355921026019,18
14,0.575,0.367355921026019,23
15,0.575,0.367355921026019,26
16,0.575,0.367355921026019,31
17,0.575,0.367355921026019,41
18,0.575,0.367355921026019,43
19,0.575,0.367355921026019,56
20,0.575,0.367355921026019,58
21,0.575,0.367355921026019,76
22,0.575,0.367355921026019,83
23,0.575,0.367355921026019,95
24,0.575,0.367355921026019,111
25,0.575,0.367355921026019,122
26,0.575,0.367355921026019,129
27,0.575,0.367355921026019,136
28,0.575,0.367355921026019,151
29,0.575,0.367355921026019,154
30,0.575,0.367355921026019,157
31,0.575,0.367355921026019,172
32,0.575,0.367355921026019,187
33,0.575,0.367355921026019,208
34,0.575,0.367355921026019,215
35,0.575,0.367355921026019,228
36,0.575,0.367355921026019,242
37,0.575,0.367355921026019,241
38,0.575,0.367355921026019,242
39,0.575,0.367355921026019,254
40,0.575,0.367355921026019,271
41,0.575,0.367355921026019,279
42,0.575,0.367355921026019,276
43,0.575,0.367355921026019,297
44,0.575,0.367355921026019,300
45,0.575,0.367355921026019,311
46,0.575,0.367355921026019,340
47,0.575,0.367355921026019,368
48,0.575,0.367355921026019,371
49,0.575,0.367355921026019,385
50,0.575,0.367355921026019,388
51,0.575,0.367355921026019,398
52,0.575,0.367355921026019,407
53,0.575,0.367355921026019,410
54,0.575,0.367355921026019,408
55,0.575,0.367355921026019,426
56,0.575,0.367355921026019,442
57,0.575,0.367355921026019,440
58,0.575,0.367355921026019,459
59,0.575,0.367355921026019,467
60,0.575,0.367355921026019,495
61,0.575,0.367355921026019,497
62,0.575,0.367355921026019,533
63,0.575,0.367355921026019,542
64,0.575,0.367355921026019,561
65,0.575,0.367355921026019,566
66,0.575,0.367355921026019,584
67,0.575,0.367355921026019,601
68,0.575,0.367355921026019,598
69,0.575,0.367355921026019,599
70,0.575,0.367355921026019,593
71,0.575,0.367355921026019,614
72,0.575,0.367355921026019,628
73,0.575,0.367355921026019,617
74,0.575,0.367355921026019,648
75,0.575,0.367355921026019,681
76,0.575,0.367355921026019,677
77,0.575,0.367355921026019,698
78,0.575,0.367355921026019,688
79,0.575,0.367355921026019,692
80,0.575,0.367355921026019,727
81,0.575,0.367355921026019,749
82,0.575,0.367355921026019,721
83,0.575,0.367355921026019,767
84,0.575,0.367355921026019,780
85,0.575,0.367355921026019,764
86,0.575,0.367355921026019,755
87,0.575,0.367355921026019,805
88,0.575,0.367355921026019,821
89,0.575,0.367355921026019,857
90,0.575,0.367355921026019,881
91,0.575,0.367355921026019,898
92,0.575,0.367355921026019,915
93,0.575,0.367355921026019,903
94,0.575,0.367355921026019,879
95,0.575,0.367355921026019,852
96,0.575,0.367355921026019,815
1,0.575,-0.632644078973981,1
2,0.575,-0.632644078973981,1
3,0.575,-0.632644078973981,1
4,0.575,-0.632644078973981,1
5,0.575,-0.632644078973981,1
6,0.575,-0.632644078973981,4
7,0.575,-0.632644078973981,4
8,0.575,-0.632644078973981,3
9,0.575,-0.632644078973981,6
10,0.575,-0.632644078973981,7
11,0.575,-0.632644078973981,7
12,0.575,-0.632644078973981,7
13,0.575,-0.632644078973981,8
14,0.575,-0.632644078973981,7
15,0.575,-0.632644078973981,8
16,0.575,-0.632644078973981,15
17,0.575,-0.632644078973981,13
18,0.575,-0.632644078973981,12
19,0.575,-0.632644078973981,14
20,0.575,-0.632644078973981,15
21,0.575,-0.632644078973981,17
22,0.575,-0.632644078973981,18
23,0.575,-0.632644078973981,25
24,0.575,-0.632644078973981,23
25,0.575,-0.632644078973981,23
26,0.575,-0.632644078973981,22
27,0.575,-0.632644078973981,25
28,0.575,-0.632644078973981,28
29,0.575,-0.632644078973981,26
30,0.575,-0.632644078973981,27
31,0.575,-0.632644078973981,31
32,0.575,-0.632644078973981,34
33,0.575,-0.632644078973981,34
34,0.575,-0.632644078973981,32
35,0.575,-0.632644078973981,32
36,0.575,-0.632644078973981,37
37,0.575,-0.632644078973981,34
38,0.575,-0.632644078973981,35
39,0.575,-0.632644078973981,46
40,0.575,-0.632644078973981,45
41,0.575,-0.632644078973981,38
42,0.575,-0.632644078973981,37
43,0.575,-0.632644078973981,48
44,0.575,-0.632644078973981,52
45,0.575,-0.632644078973981,52
46,0.575,-0.632644078973981,50
47,0.575,-0.632644078973981,50
48,0.575,-0.632644078973981,56
49,0.575,-0.632644078973981,59
50,0.575,-0.632644078973981,60
51,0.575,-0.632644078973981,54
52,0.575,-0.632644078973981,58
53,0.575,-0.632644078973981,57
54,0.575,-0.632644078973981,63
55,0.575,-0.632644078973981,61
56,0.575,-0.632644078973981,64
57,0.575,-0.632644078973981,68
58,0.575,-0.632644078973981,65
59,0.575,-0.632644078973981,59
60,0.575,-0.632644078973981,62
61,0.575,-0.632644078973981,64
62,0.575,-0.632644078973981,71
63,0.575,-0.632644078973981,75
64,0.575,-0.632644078973981,76
65,0.575,-0.632644078973981,84
66,0.575,-0.632644078973981,87
67,0.575,-0.632644078973981,95
68,0.575,-0.632644078973981,101
69,0.575,-0.632644078973981,100
70,0.575,-0.632644078973981,98
71,0.575,-0.632644078973981,96
72,0.575,-0.632644078973981,96
73,0.575,-0.632644078973981,92
74,0.575,-0.632644078973981,103
75,0.575,-0.632644078973981,101
76,0.575,-0.632644078973981,103
77,0.575,-0.632644078973981,108
78,0.575,-0.632644078973981,103
79,0.575,-0.632644078973981,100
80,0.575,-0.632644078973981,100
81,0.575,-0.632644078973981,98
82,0.575,-0.632644078973981,101
83,0.575,-0.632644078973981,96
84,0.575,-0.632644078973981,99
85,0.575,-0.632644078973981,111
86,0.575,-0.632644078973981,110
87,0.575,-0.632644078973981,104
88,0.575,-0.632644078973981,100
89,0.575,-0.632644078973981,112
90,0.575,-0.632644078973981,113
91,0.575,-0.632644078973981,114
92,0.575,-0.632644078973981,116
93,0.575,-0.632644078973981,119
94,0.575,-0.632644078973981,122
95,0.575,-0.632644078973981,128
96,0.575,-0.632644078973981,130
1,0.575,1.36735592102602,1
2,0.575,1.36735592102602,1
3,0.575,1.36735592102602,1
4,0.575,1.36735592102602,1
5,0.575,1.36735592102602,1
6,0.575,1.36735592102602,1
7,0.575,1.36735592102602,1
8,0.575,1.36735592102602,1
9,0.575,1.36735592102602,4
10,0.575,1.36735592102602,7
11,0.575,1.36735592102602,8
12,0.575,1.36735592102602,13
13,0.575,1.36735592102602,14
14,0.575,1.36735592102602,18
15,0.575,1.36735592102602,30
16,0.575,1.36735592102602,48
17,0.575,1.36735592102602,68
18,0.575,1.36735592102602,99
19,0.575,1.36735592102602,153
20,0.575,1.36735592102602,197
21,0.575,1.36735592102602,251
22,0.575,1.36735592102602,321
23,0.575,1.36735592102602,388
24,0.575,1.36735592102602,453
25,0.575,1.36735592102602,523
26,0.575,1.36735592102602,607
27,0.575,1.36735592102602,700
28,0.575,1.36735592102602,797
29,0.575,1.36735592102602,844
30,0.575,1.36735592102602,952
31,0.575,1.36735592102602,1046
32,0.575,1.36735592102602,1118
33,0.575,1.36735592102602,1240
34,0.575,1.36735592102602,1333
35,0.575,1.36735592102602,1413
36,0.575,1.36735592102602,1523
37,0.575,1.36735592102602,1588
38,0.575,1.36735592102602,1724
39,0.575,1.36735592102602,1833
40,0.575,1.36735592102602,1916
41,0.575,1.36735592102602,2049
42,0.575,1.36735592102602,2117
43,0.575,1.36735592102602,2230
44,0.575,1.36735592102602,2303
45,0.575,1.36735592102602,2259
46,0.575,1.36735592102602,2130
47,0.575,1.36735592102602,2019
48,0.575,1.36735592102602,1890
49,0.575,1.36735592102602,1681
50,0.575,1.36735592102602,1488
51,0.575,1.36735592102602,1320
52,0.575,1.36735592102602,1157
53,0.575,1.36735592102602,987
54,0.575,1.36735592102602,805
55,0.575,1.36735592102602,639
56,0.575,1.36735592102602,524
57,0.575,1.36735592102602,413
58,0.575,1.36735592102602,341
59,0.575,1.36735592102602,269
60,0.575,1.36735592102602,217
61,0.575,1.36735592102602,173
62,0.575,1.36735592102602,142
63,0.575,1.36735592102602,111
64,0.575,1.36735592102602,90
65,0.575,1.36735592102602,74
66,0.575,1.36735592102602,65
67,0.575,1.36735592102602,53
68,0.575,1.36735592102602,36
69,0.575,1.36735592102602,27
70,0.575,1.36735592102602,22
71,0.575,1.36735592102602,15
72,0.575,1.36735592102602,12
73,0.575,1.36735592102602,9
74,0.575,1.36735592102602,8
75,0.575,1.36735592102602,6
76,0.575,1.36735592102602,6
77,0.575,1.36735592102602,6
78,0.575,1.36735592102602,5
79,0.575,1.36735592102602,5
80,0.575,1.36735592102602,3
81,0.575,1.36735592102602,2
82,0.575,1.36735592102602,2
83,0.575,1.36735592102602,1
84,0.575,1.36735592102602,1
85,0.575,1.36735592102602,1
86,0.575,1.36735592102602,1
87,0.575,1.36735592102602,1
88,0.575,1.36735592102602,1
89,0.575,1.36735592102602,1
90,0.575,1.36735592102602,1
91,0.575,1.36735592102602,1
92,0.575,1.36735592102602,1
93,0.575,1.36735592102602,1
94,0.575,1.36735592102602,1
95,0.575,1.36735592102602,1
96,0.575,1.36735592102602,1
1,0.575,2.36735592102602,1
2,0.575,2.36735592102602,1
3,0.575,2.36735592102602,1
4,0.575,2.36735592102602,1
5,0.575,2.36735592102602,1
6,0.575,2.36735592102602,3
7,0.575,2.36735592102602,2
8,0.575,2.36735592102602,2
9,0.575,2.36735592102602,2
10,0.575,2.36735592102602,2
11,0.575,2.36735592102602,2
12,0.575,2.36735592102602,2
13,0.575,2.36735592102602,1
14,0.575,2.36735592102602,2
15,0.575,2.36735592102602,2
16,0.575,2.36735592102602,2
17,0.575,2.36735592102602,3
18,0.575,2.36735592102602,4
19,0.575,2.36735592102602,7
20,0.575,2.36735592102602,9
21,0.575,2.36735592102602,8
22,0.575,2.36735592102602,11
23,0.575,2.36735592102602,18
24,0.575,2.36735592102602,16
25,0.575,2.36735592102602,21
26,0.575,2.36735592102602,23
27,0.575,2.36735592102602,36
28,0.575,2.36735592102602,47
29,0.575,2.36735592102602,75
30,0.575,2.36735592102602,99
31,0.575,2.36735592102602,132
32,0.575,2.36735592102602,189
33,0.575,2.36735592102602,296
34,0.575,2.36735592102602,436
35,0.575,2.36735592102602,734
36,0.575,2.36735592102602,1131
37,0.575,2.36735592102602,1713
38,0.575,2.36735592102602,2426
39,0.575,2.36735592102602,3277
40,0.575,2.36735592102602,4169
41,0.575,2.36735592102602,4754
42,0.575,2.36735592102602,4890
43,0.575,2.36735592102602,4391
44,0.575,2.36735592102602,3635
45,0.575,2.36735592102602,2938
46,0.575,2.36735592102602,2410
47,0.575,2.36735592102602,1919
48,0.575,2.36735592102602,1561
49,0.575,2.36735592102602,1274
50,0.575,2.36735592102602,1051
51,0.575,2.36735592102602,874
52,0.575,2.36735592102602,713
53,0.575,2.36735592102602,587
54,0.575,2.36735592102602,484
55,0.575,2.36735592102602,389
56,0.575,2.36735592102602,323
57,0.575,2.36735592102602,263
58,0.575,2.36735592102602,204
59,0.575,2.36735592102602,168
60,0.575,2.36735592102602,131
61,0.575,2.36735592102602,104
62,0.575,2.36735592102602,85
63,0.575,2.36735592102602,69
64,0.575,2.36735592102602,58
65,0.575,2.36735592102602,48
66,0.575,2.36735592102602,44
67,0.575,2.36735592102602,34
68,0.575,2.36735592102602,31
69,0.575,2.36735592102602,25
70,0.575,2.36735592102602,25
71,0.575,2.36735592102602,21
72,0.575,2.36735592102602,17
73,0.575,2.36735592102602,13
74,0.575,2.36735592102602,11
75,0.575,2.36735592102602,9
76,0.575,2.36735592102602,7
77,0.575,2.36735592102602,7
78,0.575,2.36735592102602,4
79,0.575,2.36735592102602,4
80,0.575,2.36735592102602,4
81,0.575,2.36735592102602,3
82,0.575,2.36735592102602,3
83,0.575,2.36735592102602,2
84,0.575,2.36735592102602,1
85,0.575,2.36735592102602,1
86,0.575,2.36735592102602,1
87,0.575,2.36735592102602,1
88,0.575,2.36735592102602,1
89,0.575,2.36735592102602,1
90,0.575,2.36735592102602,1
91,0.575,2.36735592102602,1
92,0.575,2.36735592102602,1
93,0.575,2.36735592102602,1
94,0.575,2.36735592102602,1
95,0.575,2.36735592102602,1
96,0.575,2.36735592102602,1
1,0.575,3.36735592102602,1
2,0.575,3.36735592102602,1
3,0.575,3.36735592102602,1
4,0.575,3.36735592102602,1
5,0.575,3.36735592102602,1
6,0.575,3.36735592102602,3
7,0.575,3.36735592102602,1
8,0.575,3.36735592102602,1
9,0.575,3.36735592102602,2
10,0.575,3.36735592102602,2
11,0.575,3.36735592102602,3
12,0.575,3.36735592102602,3
13,0.575,3.36735592102602,4
14,0.575,3.36735592102602,4
15,0.575,3.36735592102602,5
16,0.575,3.36735592102602,4
17,0.575,3.36735592102602,3
18,0.575,3.36735592102602,1
19,0.575,3.36735592102602,4
20,0.575,3.36735592102602,3
21,0.575,3.36735592102602,6
22,0.575,3.36735592102602,7
23,0.575,3.36735592102602,5
24,0.575,3.36735592102602,4
25,0.575,3.36735592102602,4
26,0.575,3.36735592102602,7
27,0.575,3.36735592102602,8
28,0.575,3.36735592102602,12
29,0.575,3.36735592102602,13
30,0.575,3.36735592102602,13
31,0.575,3.36735592102602,20
32,0.575,3.36735592102602,26
33,0.575,3.36735592102602,36
34,0.575,3.36735592102602,40
35,0.575,3.36735592102602,57
36,0.575,3.36735592102602,74
37,0.575,3.36735592102602,103
38,0.575,3.36735592102602,139
39,0.575,3.36735592102602,226
40,0.575,3.36735592102602,321
41,0.575,3.36735592102602,519
42,0.575,3.36735592102602,828
43,0.575,3.36735592102602,1416
44,0.575,3.36735592102602,2300
45,0.575,3.36735592102602,3686
46,0.575,3.36735592102602,5153
47,0.575,3.36735592102602,5769
48,0.575,3.36735592102602,5255
49,0.575,3.36735592102602,4346
50,0.575,3.36735592102602,3518
51,0.575,3.36735592102602,2822
52,0.575,3.36735592102602,2279
53,0.575,3.36735592102602,1875
54,0.575,3.36735592102602,1535
55,0.575,3.36735592102602,1283
56,0.575,3.36735592102602,1025
57,0.575,3.36735592102602,835
58,0.575,3.36735592102602,677
59,0.575,3.36735592102602,571
60,0.575,3.36735592102602,458
61,0.575,3.36735592102602,374
62,0.575,3.36735592102602,293
63,0.575,3.36735592102602,234
64,0.575,3.36735592102602,196
65,0.575,3.36735592102602,149
66,0.575,3.36735592102602,110
67,0.575,3.36735592102602,94
68,0.575,3.36735592102602,83
69,0.575,3.36735592102602,60
70,0.575,3.36735592102602,47
71,0.575,3.36735592102602,38
72,0.575,3.36735592102602,30
73,0.575,3.36735592102602,25
74,0.575,3.36735592102602,18
75,0.575,3.36735592102602,12
76,0.575,3.36735592102602,9
77,0.575,3.36735592102602,8
78,0.575,3.36735592102602,8
79,0.575,3.36735592102602,7
80,0.575,3.36735592102602,6
81,0.575,3.36735592102602,6
82,0.575,3.36735592102602,6
83,0.575,3.36735592102602,4
84,0.575,3.36735592102602,4
85,0.575,3.36735592102602,3
86,0.575,3.36735592102602,3
87,0.575,3.36735592102602,3
88,0.575,3.36735592102602,2
89,0.575,3.36735592102602,1
90,0.575,3.36735592102602,1
91,0.575,3.36735592102602,1
92,0.575,3.36735592102602,1
93,0.575,3.36735592102602,1
94,0.575,3.36735592102602,1
95,0.575,3.36735592102602,1
96,0.575,3.36735592102602,1
1,0.575,0.5434471800817,1
2,0.575,0.5434471800817,1
3,0.575,0.5434471800817,1
4,0.575,0.5434471800817,1
5,0.575,0.5434471800817,1
6,0.575,0.5434471800817,1
7,0.575,0.5434471800817,5
8,0.575,0.5434471800817,5
9,0.575,0.5434471800817,10
10,0.575,0.5434471800817,17
11,0.575,0.5434471800817,13
12,0.575,0.5434471800817,20
13,0.575,0.5434471800817,21
14,0.575,0.5434471800817,29
15,0.575,0.5434471800817,37
16,0.575,0.5434471800817,53
17,0.575,0.5434471800817,65
18,0.575,0.5434471800817,67
19,0.575,0.5434471800817,77
20,0.575,0.5434471800817,103
21,0.575,0.5434471800817,121
22,0.575,0.5434471800817,122
23,0.575,0.5434471800817,134
24,0.575,0.5434471800817,157
25,0.575,0.5434471800817,174
26,0.575,0.5434471800817,204
27,0.575,0.5434471800817,203
28,0.575,0.5434471800817,230
29,0.575,0.5434471800817,246
30,0.575,0.5434471800817,251
31,0.575,0.5434471800817,271
32,0.575,0.5434471800817,296
33,0.575,0.5434471800817,302
34,0.575,0.5434471800817,326
35,0.575,0.5434471800817,314
36,0.575,0.5434471800817,355
37,0.575,0.5434471800817,370
38,0.575,0.5434471800817,393
39,0.575,0.5434471800817,411
40,0.575,0.5434471800817,412
41,0.575,0.5434471800817,428
42,0.575,0.5434471800817,451
43,0.575,0.5434471800817,474
44,0.575,0.5434471800817,479
45,0.575,0.5434471800817,509
46,0.575,0.5434471800817,516
47,0.575,0.5434471800817,519
48,0.575,0.5434471800817,559
49,0.575,0.5434471800817,547
50,0.575,0.5434471800817,550
51,0.575,0.5434471800817,543
52,0.575,0.5434471800817,564
53,0.575,0.5434471800817,600
54,0.575,0.5434471800817,600
55,0.575,0.5434471800817,606
56,0.575,0.5434471800817,625
57,0.575,0.5434471800817,639
58,0.575,0.5434471800817,667
59,0.575,0.5434471800817,690
60,0.575,0.5434471800817,694
61,0.575,0.5434471800817,705
62,0.575,0.5434471800817,743
63,0.575,0.5434471800817,759
64,0.575,0.5434471800817,764
65,0.575,0.5434471800817,805
66,0.575,0.5434471800817,816
67,0.575,0.5434471800817,788
68,0.575,0.5434471800817,794
69,0.575,0.5434471800817,843
70,0.575,0.5434471800817,840
71,0.575,0.5434471800817,855
72,0.575,0.5434471800817,890
73,0.575,0.5434471800817,927
74,0.575,0.5434471800817,968
75,0.575,0.5434471800817,965
76,0.575,0.5434471800817,976
77,0.575,0.5434471800817,1037
78,0.575,0.5434471800817,1028
79,0.575,0.5434471800817,1045
80,0.575,0.5434471800817,1031
81,0.575,0.5434471800817,1004
82,0.575,0.5434471800817,953
83,0.575,0.5434471800817,917
84,0.575,0.5434471800817,847
85,0.575,0.5434471800817,793
86,0.575,0.5434471800817,741
87,0.575,0.5434471800817,700
88,0.575,0.5434471800817,649
89,0.575,0.5434471800817,599
90,0.575,0.5434471800817,575
91,0.575,0.5434471800817,532
92,0.575,0.5434471800817,476
93,0.575,0.5434471800817,449
94,0.575,0.5434471800817,415
95,0.575,0.5434471800817,397
96,0.575,0.5434471800817,359
1,0.575,-0.4565528199183,1
2,0.575,-0.4565528199183,1
3,0.575,-0.4565528199183,2
4,0.575,-0.4565528199183,2
5,0.575,-0.4565528199183,2
6,0.575,-0.4565528199183,4
7,0.575,-0.4565528199183,6
8,0.575,-0.4565528199183,8
9,0.575,-0.4565528199183,6
10,0.575,-0.4565528199183,8
11,0.575,-0.4565528199183,9
12,0.575,-0.4565528199183,8
13,0.575,-0.4565528199183,10
14,0.575,-0.4565528199183,5
15,0.575,-0.4565528199183,10
16,0.575,-0.4565528199183,12
17,0.575,-0.4565528199183,16
18,0.575,-0.4565528199183,21
19,0.575,-0.4565528199183,21
20,0.575,-0.4565528199183,22
21,0.575,-0.4565528199183,19
22,0.575,-0.4565528199183,21
23,0.575,-0.4565528199183,28
24,0.575,-0.4565528199183,22
25,0.575,-0.4565528199183,25
26,0.575,-0.4565528199183,32
27,0.575,-0.4565528199183,33
28,0.575,-0.4565528199183,37
29,0.575,-0.4565528199183,42
30,0.575,-0.4565528199183,43
31,0.575,-0.4565528199183,40
32,0.575,-0.4565528199183,44
33,0.575,-0.4565528199183,52
34,0.575,-0.4565528199183,51
35,0.575,-0.4565528199183,52
36,0.575,-0.4565528199183,62
37,0.575,-0.4565528199183,63
38,0.575,-0.4565528199183,58
39,0.575,-0.4565528199183,60
40,0.575,-0.4565528199183,63
41,0.575,-0.4565528199183,67
42,0.575,-0.4565528199183,71
43,0.575,-0.4565528199183,74
44,0.575,-0.4565528199183,81
45,0.575,-0.4565528199183,76
46,0.575,-0.4565528199183,77
47,0.575,-0.4565528199183,76
48,0.575,-0.4565528199183,78
49,0.575,-0.4565528199183,78
50,0.575,-0.4565528199183,74
51,0.575,-0.4565528199183,80
52,0.575,-0.4565528199183,78
53,0.575,-0.4565528199183,89
54,0.575,-0.4565528199183,88
55,0.575,-0.4565528199183,89
56,0.575,-0.4565528199183,96
57,0.575,-0.4565528199183,92
58,0.575,-0.4565528199183,91
59,0.575,-0.4565528199183,92
60,0.575,-0.4565528199183,83
61,0.575,-0.4565528199183,91
62,0.575,-0.4565528199183,91
63,0.575,-0.4565528199183,94
64,0.575,-0.4565528199183,95
65,0.575,-0.4565528199183,106
66,0.575,-0.4565528199183,104
67,0.575,-0.4565528199183,97
68,0.575,-0.4565528199183,95
69,0.575,-0.4565528199183,92
70,0.575,-0.4565528199183,101
71,0.575,-0.4565528199183,110
72,0.575,-0.4565528199183,113
73,0.575,-0.4565528199183,111
74,0.575,-0.4565528199183,118
75,0.575,-0.4565528199183,114
76,0.575,-0.4565528199183,124
77,0.575,-0.4565528199183,128
78,0.575,-0.4565528199183,134
79,0.575,-0.4565528199183,143
80,0.575,-0.4565528199183,140
81,0.575,-0.4565528199183,142
82,0.575,-0.4565528199183,144
83,0.575,-0.4565528199183,138
84,0.575,-0.4565528199183,148
85,0.575,-0.4565528199183,153
86,0.575,-0.4565528199183,152
87,0.575,-0.4565528199183,146
88,0.575,-0.4565528199183,151
89,0.575,-0.4565528199183,144
90,0.575,-0.4565528199183,160
91,0.575,-0.4565528199183,164
92,0.575,-0.4565528199183,168
93,0.575,-0.4565528199183,169
94,0.575,-0.4565528199183,169
95,0.575,-0.4565528199183,161
96,0.575,-0.4565528199183,170
1,0.575,1.5434471800817,1
2,0.575,1.5434471800817,1
3,0.575,1.5434471800817,1
4,0.575,1.5434471800817,1
5,0.575,1.5434471800817,1
6,0.575,1.5434471800817,3
7,0.575,1.5434471800817,2
8,0.575,1.5434471800817,2
9,0.575,1.5434471800817,3
10,0.575,1.5434471800817,4
11,0.575,1.5434471800817,3
12,0.575,1.5434471800817,2
13,0.575,1.5434471800817,9
14,0.575,1.5434471800817,12
15,0.575,1.5434471800817,17
16,0.575,1.5434471800817,26
17,0.575,1.5434471800817,33
18,0.575,1.5434471800817,53
19,0.575,1.5434471800817,72
20,0.575,1.5434471800817,125
21,0.575,1.5434471800817,191
22,0.575,1.5434471800817,249
23,0.575,1.5434471800817,337
24,0.575,1.5434471800817,438
25,0.575,1.5434471800817,562
26,0.575,1.5434471800817,646
27,0.575,1.5434471800817,767
28,0.575,1.5434471800817,897
29,0.575,1.5434471800817,1055
30,0.575,1.5434471800817,1181
31,0.575,1.5434471800817,1314
32,0.575,1.5434471800817,1456
33,0.575,1.5434471800817,1607
34,0.575,1.5434471800817,1744
35,0.575,1.5434471800817,1849
36,0.575,1.5434471800817,1986
37,0.575,1.5434471800817,2168
38,0.575,1.5434471800817,2339
39,0.575,1.5434471800817,2571
40,0.575,1.5434471800817,2666
41,0.575,1.5434471800817,2677
42,0.575,1.5434471800817,2582
43,0.575,1.5434471800817,2437
44,0.575,1.5434471800817,2263
45,0.575,1.5434471800817,2059
46,0.575,1.5434471800817,1862
47,0.575,1.5434471800817,1577
48,0.575,1.5434471800817,1336
49,0.575,1.5434471800817,1106
50,0.575,1.5434471800817,877
51,0.575,1.5434471800817,719
52,0.575,1.5434471800817,602
53,0.575,1.5434471800817,484
54,0.575,1.5434471800817,386
55,0.575,1.5434471800817,320
56,0.575,1.5434471800817,264
57,0.575,1.5434471800817,215
58,0.575,1.5434471800817,169
59,0.575,1.5434471800817,147
60,0.575,1.5434471800817,116
61,0.575,1.5434471800817,88
62,0.575,1.5434471800817,71
63,0.575,1.5434471800817,58
64,0.575,1.5434471800817,45
65,0.575,1.5434471800817,36
66,0.575,1.5434471800817,30
67,0.575,1.5434471800817,20
68,0.575,1.5434471800817,17
69,0.575,1.5434471800817,14
70,0.575,1.5434471800817,11
71,0.575,1.5434471800817,7
72,0.575,1.5434471800817,7
73,0.575,1.5434471800817,5
74,0.575,1.5434471800817,3
75,0.575,1.5434471800817,2
76,0.575,1.5434471800817,1
77,0.575,1.5434471800817,1
78,0.575,1.5434471800817,1
79,0.575,1.5434471800817,1
80,0.575,1.5434471800817,1
81,0.575,1.5434471800817,1
82,0.575,1.5434471800817,1
83,0.575,1.5434471800817,1
84,0.575,1.5434471800817,1
85,0.575,1.5434471800817,1
86,0.575,1.5434471800817,1
87,0.575,1.5434471800817,1
88,0.575,1.5434471800817,1
89,0.575,1.5434471800817,1
90,0.575,1.5434471800817,1
91,0.575,1.5434471800817,1
92,0.575,1.5434471800817,1
93,0.575,1.5434471800817,1
94,0.575,1.5434471800817,1
95,0.575,1.5434471800817,1
96,0.575,1.5434471800817,1
1,0.575,2.5434471800817,1
2,0.575,2.5434471800817,1
3,0.575,2.5434471800817,1
4,0.575,2.5434471800817,1
5,0.575,2.5434471800817,1
6,0.575,2.5434471800817,3
7,0.575,2.5434471800817,2
8,0.575,2.5434471800817,2
9,0.575,2.5434471800817,2
10,0.575,2.5434471800817,2
11,0.575,2.5434471800817,2
12,0.575,2.5434471800817,3
13,0.575,2.5434471800817,4
14,0.575,2.5434471800817,4
15,0.575,2.5434471800817,5
16,0.575,2.5434471800817,5
17,0.575,2.5434471800817,6
18,0.575,2.5434471800817,6
19,0.575,2.5434471800817,10
20,0.575,2.5434471800817,8
21,0.575,2.5434471800817,8
22,0.575,2.5434471800817,13
23,0.575,2.5434471800817,14
24,0.575,2.5434471800817,19
25,0.575,2.5434471800817,20
26,0.575,2.5434471800817,22
27,0.575,2.5434471800817,38
28,0.575,2.5434471800817,38
29,0.575,2.5434471800817,60
30,0.575,2.5434471800817,77
31,0.575,2.5434471800817,105
32,0.575,2.5434471800817,153
33,0.575,2.5434471800817,210
34,0.575,2.5434471800817,333
35,0.575,2.5434471800817,526
36,0.575,2.5434471800817,846
37,0.575,2.5434471800817,1406
38,0.575,2.5434471800817,2302
39,0.575,2.5434471800817,3611
40,0.575,2.5434471800817,4908
41,0.575,2.5434471800817,5635
42,0.575,2.5434471800817,5272
43,0.575,2.5434471800817,4396
44,0.575,2.5434471800817,3602
45,0.575,2.5434471800817,2931
46,0.575,2.5434471800817,2403
47,0.575,2.5434471800817,1933
48,0.575,2.5434471800817,1568
49,0.575,2.5434471800817,1279
50,0.575,2.5434471800817,1021
51,0.575,2.5434471800817,843
52,0.575,2.5434471800817,694
53,0.575,2.5434471800817,562
54,0.575,2.5434471800817,446
55,0.575,2.5434471800817,366
56,0.575,2.5434471800817,284
57,0.575,2.5434471800817,230
58,0.575,2.5434471800817,190
59,0.575,2.5434471800817,153
60,0.575,2.5434471800817,123
61,0.575,2.5434471800817,105
62,0.575,2.5434471800817,82
63,0.575,2.5434471800817,66
64,0.575,2.5434471800817,53
65,0.575,2.5434471800817,47
66,0.575,2.5434471800817,40
67,0.575,2.5434471800817,31
68,0.575,2.5434471800817,28
69,0.575,2.5434471800817,24
70,0.575,2.5434471800817,19
71,0.575,2.5434471800817,18
72,0.575,2.5434471800817,14
73,0.575,2.5434471800817,13
74,0.575,2.5434471800817,11
75,0.575,2.5434471800817,8
76,0.575,2.5434471800817,6
77,0.575,2.5434471800817,4
78,0.575,2.5434471800817,3
79,0.575,2.5434471800817,2
80,0.575,2.5434471800817,2
81,0.575,2.5434471800817,2
82,0.575,2.5434471800817,2
83,0.575,2.5434471800817,1
84,0.575,2.5434471800817,1
85,0.575,2.5434471800817,1
86,0.575,2.5434471800817,1
87,0.575,2.5434471800817,1
88,0.575,2.5434471800817,1
89,0.575,2.5434471800817,1
90,0.575,2.5434471800817,1
91,0.575,2.5434471800817,1
92,0.575,2.5434471800817,1
93,0.575,2.5434471800817,1
94,0.575,2.5434471800817,1
95,0.575,2.5434471800817,1
96,0.575,2.5434471800817,1
1,0.575,3.5434471800817,1
2,0.575,3.5434471800817,1
3,0.575,3.5434471800817,1
4,0.575,3.5434471800817,1
5,0.575,3.5434471800817,1
6,0.575,3.5434471800817,3
7,0.575,3.5434471800817,1
8,0.575,3.5434471800817,1
9,0.575,3.5434471800817,2
10,0.575,3.5434471800817,2
11,0.575,3.5434471800817,2
12,0.575,3.5434471800817,2
13,0.575,3.5434471800817,3
14,0.575,3.5434471800817,3
15,0.575,3.5434471800817,3
16,0.575,3.5434471800817,5
17,0.575,3.5434471800817,3
18,0.575,3.5434471800817,4
19,0.575,3.5434471800817,5
20,0.575,3.5434471800817,4
21,0.575,3.5434471800817,3
22,0.575,3.5434471800817,7
23,0.575,3.5434471800817,6
24,0.575,3.5434471800817,7
25,0.575,3.5434471800817,9
26,0.575,3.5434471800817,10
27,0.575,3.5434471800817,9
28,0.575,3.5434471800817,11
29,0.575,3.5434471800817,12
30,0.575,3.5434471800817,18
31,0.575,3.5434471800817,21
32,0.575,3.5434471800817,29
33,0.575,3.5434471800817,35
34,0.575,3.5434471800817,46
35,0.575,3.5434471800817,59
36,0.575,3.5434471800817,82
37,0.575,3.5434471800817,124
38,0.575,3.5434471800817,192
39,0.575,3.5434471800817,279
40,0.575,3.5434471800817,406
41,0.575,3.5434471800817,643
42,0.575,3.5434471800817,1031
43,0.575,3.5434471800817,1763
44,0.575,3.5434471800817,2885
45,0.575,3.5434471800817,4317
46,0.575,3.5434471800817,5541
47,0.575,3.5434471800817,5579
48,0.575,3.5434471800817,4797
49,0.575,3.5434471800817,3906
50,0.575,3.5434471800817,3169
51,0.575,3.5434471800817,2595
52,0.575,3.5434471800817,2098
53,0.575,3.5434471800817,1685
54,0.575,3.5434471800817,1377
55,0.575,3.5434471800817,1116
56,0.575,3.5434471800817,922
57,0.575,3.5434471800817,765
58,0.575,3.5434471800817,636
59,0.575,3.5434471800817,501
60,0.575,3.5434471800817,414
61,0.575,3.5434471800817,339
62,0.575,3.5434471800817,274
63,0.575,3.5434471800817,216
64,0.575,3.5434471800817,181
65,0.575,3.5434471800817,152
66,0.575,3.5434471800817,117
67,0.575,3.5434471800817,95
68,0.575,3.5434471800817,74
69,0.575,3.5434471800817,65
70,0.575,3.5434471800817,50
71,0.575,3.5434471800817,38
72,0.575,3.5434471800817,31
73,0.575,3.5434471800817,27
74,0.575,3.5434471800817,22
75,0.575,3.5434471800817,21
76,0.575,3.5434471800817,18
77,0.575,3.5434471800817,14
78,0.575,3.5434471800817,7
79,0.575,3.5434471800817,6
80,0.575,3.5434471800817,5
81,0.575,3.5434471800817,3
82,0.575,3.5434471800817,2
83,0.575,3.5434471800817,2
84,0.575,3.5434471800817,2
85,0.575,3.5434471800817,1
86,0.575,3.5434471800817,1
87,0.575,3.5434471800817,1
88,0.575,3.5434471800817,1
89,0.575,3.5434471800817,1
90,0.575,3.5434471800817,1
91,0.575,3.5434471800817,1
92,0.575,3.5434471800817,1
93,0.575,3.5434471800817,1
94,0.575,3.5434471800817,1
95,0.575,3.5434471800817,1
96,0.575,3.5434471800817,1
1,0.575,0.66838591669,1
2,0.575,0.66838591669,1
3,0.575,0.66838591669,1
4,0.575,0.66838591669,1
5,0.575,0.66838591669,1
6,0.575,0.66838591669,2
7,0.575,0.66838591669,2
8,0.575,0.66838591669,3
9,0.575,0.66838591669,6
10,0.575,0.66838591669,6
11,0.575,0.66838591669,12
12,0.575,0.66838591669,18
13,0.575,0.66838591669,25
14,0.575,0.66838591669,35
15,0.575,0.66838591669,46
16,0.575,0.66838591669,59
17,0.575,0.66838591669,78
18,0.575,0.66838591669,93
19,0.575,0.66838591669,102
20,0.575,0.66838591669,123
21,0.575,0.66838591669,149
22,0.575,0.66838591669,159
23,0.575,0.66838591669,176
24,0.575,0.66838591669,201
25,0.575,0.66838591669,223
26,0.575,0.66838591669,247
27,0.575,0.66838591669,253
28,0.575,0.66838591669,284
29,0.575,0.66838591669,304
30,0.575,0.66838591669,319
31,0.575,0.66838591669,320
32,0.575,0.66838591669,339
33,0.575,0.66838591669,371
34,0.575,0.66838591669,388
35,0.575,0.66838591669,415
36,0.575,0.66838591669,429
37,0.575,0.66838591669,447
38,0.575,0.66838591669,493
39,0.575,0.66838591669,511
40,0.575,0.66838591669,531
41,0.575,0.66838591669,561
42,0.575,0.66838591669,589
43,0.575,0.66838591669,619
44,0.575,0.66838591669,645
45,0.575,0.66838591669,627
46,0.575,0.66838591669,638
47,0.575,0.66838591669,673
48,0.575,0.66838591669,700
49,0.575,0.66838591669,710
50,0.575,0.66838591669,709
51,0.575,0.66838591669,741
52,0.575,0.66838591669,760
53,0.575,0.66838591669,797
54,0.575,0.66838591669,822
55,0.575,0.66838591669,846
56,0.575,0.66838591669,848
57,0.575,0.66838591669,864
58,0.575,0.66838591669,872
59,0.575,0.66838591669,918
60,0.575,0.66838591669,951
61,0.575,0.66838591669,981
62,0.575,0.66838591669,997
63,0.575,0.66838591669,986
64,0.575,0.66838591669,997
65,0.575,0.66838591669,1026
66,0.575,0.66838591669,1027
67,0.575,0.66838591669,1068
68,0.575,0.66838591669,1133
69,0.575,0.66838591669,1161
70,0.575,0.66838591669,1184
71,0.575,0.66838591669,1182
72,0.575,0.66838591669,1163
73,0.575,0.66838591669,1151
74,0.575,0.66838591669,1055
75,0.575,0.66838591669,995
76,0.575,0.66838591669,950
77,0.575,0.66838591669,886
78,0.575,0.66838591669,820
79,0.575,0.66838591669,744
80,0.575,0.66838591669,704
81,0.575,0.66838591669,635
82,0.575,0.66838591669,613
83,0.575,0.66838591669,567
84,0.575,0.66838591669,521
85,0.575,0.66838591669,483
86,0.575,0.66838591669,445
87,0.575,0.66838591669,418
88,0.575,0.66838591669,378
89,0.575,0.66838591669,350
90,0.575,0.66838591669,304
91,0.575,0.66838591669,255
92,0.575,0.66838591669,220
93,0.575,0.66838591669,197
94,0.575,0.66838591669,159
95,0.575,0.66838591669,134
96,0.575,0.66838591669,109
1,0.575,-0.33161408331,1
2,0.575,-0.33161408331,1
3,0.575,-0.33161408331,2
4,0.575,-0.33161408331,2
5,0.575,-0.33161408331,4
6,0.575,-0.33161408331,3
7,0.575,-0.33161408331,4
8,0.575,-0.33161408331,4
9,0.575,-0.33161408331,4
10,0.575,-0.33161408331,6
11,0.575,-0.33161408331,9
12,0.575,-0.33161408331,7
13,0.575,-0.33161408331,9
14,0.575,-0.33161408331,9
15,0.575,-0.33161408331,10
16,0.575,-0.33161408331,9
17,0.575,-0.33161408331,15
18,0.575,-0.33161408331,15
19,0.575,-0.33161408331,11
20,0.575,-0.33161408331,13
21,0.575,-0.33161408331,16
22,0.575,-0.33161408331,24
23,0.575,-0.33161408331,28
24,0.575,-0.33161408331,25
25,0.575,-0.33161408331,25
26,0.575,-0.33161408331,29
27,0.575,-0.33161408331,29
28,0.575,-0.33161408331,30
29,0.575,-0.33161408331,29
30,0.575,-0.33161408331,33
31,0.575,-0.33161408331,35
32,0.575,-0.33161408331,38
33,0.575,-0.33161408331,35
34,0.575,-0.33161408331,43
35,0.575,-0.33161408331,46
36,0.575,-0.33161408331,48
37,0.575,-0.33161408331,47
38,0.575,-0.33161408331,50
39,0.575,-0.33161408331,54
40,0.575,-0.33161408331,56
41,0.575,-0.33161408331,63
42,0.575,-0.33161408331,57
43,0.575,-0.33161408331,63
44,0.575,-0.33161408331,62
45,0.575,-0.33161408331,61
46,0.575,-0.33161408331,69
47,0.575,-0.33161408331,75
48,0.575,-0.33161408331,71
49,0.575,-0.33161408331,76
50,0.575,-0.33161408331,74
51,0.575,-0.33161408331,80
52,0.575,-0.33161408331,86
53,0.575,-0.33161408331,95
54,0.575,-0.33161408331,103
55,0.575,-0.33161408331,109
56,0.575,-0.33161408331,121
57,0.575,-0.33161408331,123
58,0.575,-0.33161408331,121
59,0.575,-0.33161408331,113
60,0.575,-0.33161408331,115
61,0.575,-0.33161408331,128
62,0.575,-0.33161408331,129
63,0.575,-0.33161408331,126
64,0.575,-0.33161408331,126
65,0.575,-0.33161408331,117
66,0.575,-0.33161408331,126
67,0.575,-0.33161408331,129
68,0.575,-0.33161408331,127
69,0.575,-0.33161408331,122
70,0.575,-0.33161408331,122
71,0.575,-0.33161408331,128
72,0.575,-0.33161408331,128
73,0.575,-0.33161408331,136
74,0.575,-0.33161408331,137
75,0.575,-0.33161408331,137
76,0.575,-0.33161408331,147
77,0.575,-0.33161408331,161
78,0.575,-0.33161408331,156
79,0.575,-0.33161408331,163
80,0.575,-0.33161408331,153
81,0.575,-0.33161408331,159
82,0.575,-0.33161408331,164
83,0.575,-0.33161408331,169
84,0.575,-0.33161408331,156
85,0.575,-0.33161408331,172
86,0.575,-0.33161408331,171
87,0.575,-0.33161408331,175
88,0.575,-0.33161408331,174
89,0.575,-0.33161408331,178
90,0.575,-0.33161408331,178
91,0.575,-0.33161408331,180
92,0.575,-0.33161408331,193
93,0.575,-0.33161408331,200
94,0.575,-0.33161408331,198
95,0.575,-0.33161408331,215
96,0.575,-0.33161408331,215
1,0.575,1.66838591669,1
2,0.575,1.66838591669,1
3,0.575,1.66838591669,1
4,0.575,1.66838591669,1
5,0.575,1.66838591669,1
6,0.575,1.66838591669,3
7,0.575,1.66838591669,2
8,0.575,1.66838591669,3
9,0.575,1.66838591669,5
10,0.575,1.66838591669,7
11,0.575,1.66838591669,5
12,0.575,1.66838591669,7
13,0.575,1.66838591669,12
14,0.575,1.66838591669,15
15,0.575,1.66838591669,20
16,0.575,1.66838591669,28
17,0.575,1.66838591669,44
18,0.575,1.66838591669,65
19,0.575,1.66838591669,91
20,0.575,1.66838591669,137
21,0.575,1.66838591669,209
22,0.575,1.66838591669,295
23,0.575,1.66838591669,429
24,0.575,1.66838591669,535
25,0.575,1.66838591669,711
26,0.575,1.66838591669,870
27,0.575,1.66838591669,1033
28,0.575,1.66838591669,1206
29,0.575,1.66838591669,1335
30,0.575,1.66838591669,1535
31,0.575,1.66838591669,1673
32,0.575,1.66838591669,1862
33,0.575,1.66838591669,2035
34,0.575,1.66838591669,2235
35,0.575,1.66838591669,2406
36,0.575,1.66838591669,2675
37,0.575,1.66838591669,2856
38,0.575,1.66838591669,2916
39,0.575,1.66838591669,2787
40,0.575,1.66838591669,2668
41,0.575,1.66838591669,2480
42,0.575,1.66838591669,2262
43,0.575,1.66838591669,1973
44,0.575,1.66838591669,1676
45,0.575,1.66838591669,1370
46,0.575,1.66838591669,1078
47,0.575,1.66838591669,875
48,0.575,1.66838591669,705
49,0.575,1.66838591669,583
50,0.575,1.66838591669,484
51,0.575,1.66838591669,379
52,0.575,1.66838591669,301
53,0.575,1.66838591669,255
54,0.575,1.66838591669,206
55,0.575,1.66838591669,165
56,0.575,1.66838591669,139
57,0.575,1.66838591669,115
58,0.575,1.66838591669,87
59,0.575,1.66838591669,70
60,0.575,1.66838591669,57
61,0.575,1.66838591669,44
62,0.575,1.66838591669,38
63,0.575,1.66838591669,30
64,0.575,1.66838591669,24
65,0.575,1.66838591669,18
66,0.575,1.66838591669,15
67,0.575,1.66838591669,9
68,0.575,1.66838591669,7
69,0.575,1.66838591669,4
70,0.575,1.66838591669,3
71,0.575,1.66838591669,2
72,0.575,1.66838591669,1
73,0.575,1.66838591669,1
74,0.575,1.66838591669,1
75,0.575,1.66838591669,1
76,0.575,1.66838591669,1
77,0.575,1.66838591669,1
78,0.575,1.66838591669,1
79,0.575,1.66838591669,1
80,0.575,1.66838591669,1
81,0.575,1.66838591669,1
82,0.575,1.66838591669,1
83,0.575,1.66838591669,1
84,0.575,1.66838591669,1
85,0.575,1.66838591669,1
86,0.575,1.66838591669,1
87,0.575,1.66838591669,1
88,0.575,1.66838591669,1
89,0.575,1.66838591669,1
90,0.575,1.66838591669,1
91,0.575,1.66838591669,1
92,0.575,1.66838591669,1
93,0.575,1.66838591669,1
94,0.575,1.66838591669,1
95,0.575,1.66838591669,1
96,0.575,1.66838591669,1
1,0.575,2.66838591669,1
2,0.575,2.66838591669,1
3,0.575,2.66838591669,1
4,0.575,2.66838591669,1
5,0.575,2.66838591669,1
6,0.575,2.66838591669,3
7,0.575,2.66838591669,2
8,0.575,2.66838591669,2
9,0.575,2.66838591669,2
10,0.575,2.66838591669,4
11,0.575,2.66838591669,5
12,0.575,2.66838591669,4
13,0.575,2.66838591669,4
14,0.575,2.66838591669,8
15,0.575,2.66838591669,7
16,0.575,2.66838591669,8
17,0.575,2.66838591669,8
18,0.575,2.66838591669,12
19,0.575,2.66838591669,10
20,0.575,2.66838591669,10
21,0.575,2.66838591669,11
22,0.575,2.66838591669,13
23,0.575,2.66838591669,17
24,0.575,2.66838591669,23
25,0.575,2.66838591669,29
26,0.575,2.66838591669,38
27,0.575,2.66838591669,53
28,0.575,2.66838591669,77
29,0.575,2.66838591669,113
30,0.575,2.66838591669,143
31,0.575,2.66838591669,204
32,0.575,2.66838591669,325
33,0.575,2.66838591669,489
34,0.575,2.66838591669,817
35,0.575,2.66838591669,1283
36,0.575,2.66838591669,2089
37,0.575,2.66838591669,3358
38,0.575,2.66838591669,4735
39,0.575,2.66838591669,5565
40,0.575,2.66838591669,5257
41,0.575,2.66838591669,4405
42,0.575,2.66838591669,3550
43,0.575,2.66838591669,2875
44,0.575,2.66838591669,2356
45,0.575,2.66838591669,1911
46,0.575,2.66838591669,1577
47,0.575,2.66838591669,1306
48,0.575,2.66838591669,1062
49,0.575,2.66838591669,861
50,0.575,2.66838591669,714
51,0.575,2.66838591669,573
52,0.575,2.66838591669,472
53,0.575,2.66838591669,376
54,0.575,2.66838591669,308
55,0.575,2.66838591669,259
56,0.575,2.66838591669,223
57,0.575,2.66838591669,183
58,0.575,2.66838591669,157
59,0.575,2.66838591669,121
60,0.575,2.66838591669,102
61,0.575,2.66838591669,86
62,0.575,2.66838591669,71
63,0.575,2.66838591669,52
64,0.575,2.66838591669,41
65,0.575,2.66838591669,34
66,0.575,2.66838591669,27
67,0.575,2.66838591669,24
68,0.575,2.66838591669,21
69,0.575,2.66838591669,19
70,0.575,2.66838591669,15
71,0.575,2.66838591669,12
72,0.575,2.66838591669,10
73,0.575,2.66838591669,7
74,0.575,2.66838591669,6
75,0.575,2.66838591669,5
76,0.575,2.66838591669,3
77,0.575,2.66838591669,3
78,0.575,2.66838591669,3
79,0.575,2.66838591669,3
80,0.575,2.66838591669,3
81,0.575,2.66838591669,2
82,0.575,2.66838591669,2
83,0.575,2.66838591669,2
84,0.575,2.66838591669,1
85,0.575,2.66838591669,1
86,0.575,2.66838591669,1
87,0.575,2.66838591669,1
88,0.575,2.66838591669,1
89,0.575,2.66838591669,1
90,0.575,2.66838591669,1
91,0.575,2.66838591669,1
92,0.575,2.66838591669,1
93,0.575,2.66838591669,1
94,0.575,2.66838591669,1
95,0.575,2.66838591669,1
96,0.575,2.66838591669,1
1,0.575,3.66838591669,1
2,0.575,3.66838591669,1
3,0.575,3.66838591669,1
4,0.575,3.66838591669,1
5,0.575,3.66838591669,1
6,0.575,3.66838591669,3
7,0.575,3.66838591669,1
8,0.575,3.66838591669,1
9,0.575,3.66838591669,2
10,0.575,3.66838591669,6
11,0.575,3.66838591669,6
12,0.575,3.66838591669,5
13,0.575,3.66838591669,5
14,0.575,3.66838591669,4
15,0.575,3.66838591669,3
16,0.575,3.66838591669,1
17,0.575,3.66838591669,3
18,0.575,3.66838591669,6
19,0.575,3.66838591669,7
20,0.575,3.66838591669,10
21,0.575,3.66838591669,16
22,0.575,3.66838591669,15
23,0.575,3.66838591669,18
24,0.575,3.66838591669,20
25,0.575,3.66838591669,26
26,0.575,3.66838591669,31
27,0.575,3.66838591669,41
28,0.575,3.66838591669,48
29,0.575,3.66838591669,62
30,0.575,3.66838591669,87
31,0.575,3.66838591669,122
32,0.575,3.66838591669,169
33,0.575,3.66838591669,242
34,0.575,3.66838591669,371
35,0.575,3.66838591669,634
36,0.575,3.66838591669,1053
37,0.575,3.66838591669,1724
38,0.575,3.66838591669,2886
39,0.575,3.66838591669,4324
40,0.575,3.66838591669,5520
41,0.575,3.66838591669,5626
42,0.575,3.66838591669,4856
43,0.575,3.66838591669,3987
44,0.575,3.66838591669,3228
45,0.575,3.66838591669,2641
46,0.575,3.66838591669,2143
47,0.575,3.66838591669,1760
48,0.575,3.66838591669,1424
49,0.575,3.66838591669,1160
50,0.575,3.66838591669,937
51,0.575,3.66838591669,757
52,0.575,3.66838591669,614
53,0.575,3.66838591669,519
54,0.575,3.66838591669,425
55,0.575,3.66838591669,328
56,0.575,3.66838591669,272
57,0.575,3.66838591669,219
58,0.575,3.66838591669,173
59,0.575,3.66838591669,148
60,0.575,3.66838591669,121
61,0.575,3.66838591669,101
62,0.575,3.66838591669,84
63,0.575,3.66838591669,66
64,0.575,3.66838591669,54
65,0.575,3.66838591669,42
66,0.575,3.66838591669,38
67,0.575,3.66838591669,32
68,0.575,3.66838591669,27
69,0.575,3.66838591669,20
70,0.575,3.66838591669,16
71,0.575,3.66838591669,14
72,0.575,3.66838591669,10
73,0.575,3.66838591669,7
74,0.575,3.66838591669,5
75,0.575,3.66838591669,4
76,0.575,3.66838591669,1
1,0.575,0.765295929698057,1
2,0.575,0.765295929698057,1
3,0.575,0.765295929698057,1
4,0.575,0.765295929698057,1
5,0.575,0.765295929698057,1
6,0.575,0.765295929698057,2
7,0.575,0.765295929698057,2
8,0.575,0.765295929698057,4
9,0.575,0.765295929698057,6
10,0.575,0.765295929698057,10
11,0.575,0.765295929698057,13
12,0.575,0.765295929698057,19
13,0.575,0.765295929698057,26
14,0.575,0.765295929698057,42
15,0.575,0.765295929698057,64
16,0.575,0.765295929698057,83
17,0.575,0.765295929698057,96
18,0.575,0.765295929698057,113
19,0.575,0.765295929698057,144
20,0.575,0.765295929698057,162
21,0.575,0.765295929698057,173
22,0.575,0.765295929698057,214
23,0.575,0.765295929698057,225
24,0.575,0.765295929698057,232
25,0.575,0.765295929698057,256
26,0.575,0.765295929698057,268
27,0.575,0.765295929698057,275
28,0.575,0.765295929698057,289
29,0.575,0.765295929698057,313
30,0.575,0.765295929698057,330
31,0.575,0.765295929698057,343
32,0.575,0.765295929698057,391
33,0.575,0.765295929698057,425
34,0.575,0.765295929698057,470
35,0.575,0.765295929698057,476
36,0.575,0.765295929698057,515
37,0.575,0.765295929698057,558
38,0.575,0.765295929698057,579
39,0.575,0.765295929698057,603
40,0.575,0.765295929698057,629
41,0.575,0.765295929698057,659
42,0.575,0.765295929698057,686
43,0.575,0.765295929698057,739
44,0.575,0.765295929698057,783
45,0.575,0.765295929698057,818
46,0.575,0.765295929698057,843
47,0.575,0.765295929698057,853
48,0.575,0.765295929698057,888
49,0.575,0.765295929698057,906
50,0.575,0.765295929698057,936
51,0.575,0.765295929698057,977
52,0.575,0.765295929698057,982
53,0.575,0.765295929698057,1005
54,0.575,0.765295929698057,1026
55,0.575,0.765295929698057,1037
56,0.575,0.765295929698057,1070
57,0.575,0.765295929698057,1083
58,0.575,0.765295929698057,1104
59,0.575,0.765295929698057,1130
60,0.575,0.765295929698057,1123
61,0.575,0.765295929698057,1182
62,0.575,0.765295929698057,1196
63,0.575,0.765295929698057,1240
64,0.575,0.765295929698057,1308
65,0.575,0.765295929698057,1314
66,0.575,0.765295929698057,1277
67,0.575,0.765295929698057,1202
68,0.575,0.765295929698057,1154
69,0.575,0.765295929698057,1086
70,0.575,0.765295929698057,1031
71,0.575,0.765295929698057,963
72,0.575,0.765295929698057,909
73,0.575,0.765295929698057,849
74,0.575,0.765295929698057,780
75,0.575,0.765295929698057,748
76,0.575,0.765295929698057,706
77,0.575,0.765295929698057,655
78,0.575,0.765295929698057,594
79,0.575,0.765295929698057,549
80,0.575,0.765295929698057,491
81,0.575,0.765295929698057,452
82,0.575,0.765295929698057,390
83,0.575,0.765295929698057,361
84,0.575,0.765295929698057,304
85,0.575,0.765295929698057,269
86,0.575,0.765295929698057,220
87,0.575,0.765295929698057,186
88,0.575,0.765295929698057,150
89,0.575,0.765295929698057,110
90,0.575,0.765295929698057,86
91,0.575,0.765295929698057,77
92,0.575,0.765295929698057,60
93,0.575,0.765295929698057,52
94,0.575,0.765295929698057,42
95,0.575,0.765295929698057,34
96,0.575,0.765295929698057,28
1,0.575,-0.234704070301943,1
2,0.575,-0.234704070301943,1
3,0.575,-0.234704070301943,2
4,0.575,-0.234704070301943,2
5,0.575,-0.234704070301943,4
6,0.575,-0.234704070301943,3
7,0.575,-0.234704070301943,5
8,0.575,-0.234704070301943,4
9,0.575,-0.234704070301943,7
10,0.575,-0.234704070301943,10
11,0.575,-0.234704070301943,11
12,0.575,-0.234704070301943,15
13,0.575,-0.234704070301943,21
14,0.575,-0.234704070301943,21
15,0.575,-0.234704070301943,25
16,0.575,-0.234704070301943,26
17,0.575,-0.234704070301943,27
18,0.575,-0.234704070301943,32
19,0.575,-0.234704070301943,33
20,0.575,-0.234704070301943,33
21,0.575,-0.234704070301943,37
22,0.575,-0.234704070301943,42
23,0.575,-0.234704070301943,41
24,0.575,-0.234704070301943,49
25,0.575,-0.234704070301943,61
26,0.575,-0.234704070301943,67
27,0.575,-0.234704070301943,62
28,0.575,-0.234704070301943,59
29,0.575,-0.234704070301943,52
30,0.575,-0.234704070301943,55
31,0.575,-0.234704070301943,58
32,0.575,-0.234704070301943,56
33,0.575,-0.234704070301943,64
34,0.575,-0.234704070301943,60
35,0.575,-0.234704070301943,63
36,0.575,-0.234704070301943,73
37,0.575,-0.234704070301943,83
38,0.575,-0.234704070301943,87
39,0.575,-0.234704070301943,95
40,0.575,-0.234704070301943,93
41,0.575,-0.234704070301943,96
42,0.575,-0.234704070301943,97
43,0.575,-0.234704070301943,114
44,0.575,-0.234704070301943,108
45,0.575,-0.234704070301943,114
46,0.575,-0.234704070301943,120
47,0.575,-0.234704070301943,126
48,0.575,-0.234704070301943,116
49,0.575,-0.234704070301943,127
50,0.575,-0.234704070301943,132
51,0.575,-0.234704070301943,125
52,0.575,-0.234704070301943,125
53,0.575,-0.234704070301943,127
54,0.575,-0.234704070301943,123
55,0.575,-0.234704070301943,131
56,0.575,-0.234704070301943,136
57,0.575,-0.234704070301943,142
58,0.575,-0.234704070301943,141
59,0.575,-0.234704070301943,128
60,0.575,-0.234704070301943,145
61,0.575,-0.234704070301943,145
62,0.575,-0.234704070301943,152
63,0.575,-0.234704070301943,151
64,0.575,-0.234704070301943,158
65,0.575,-0.234704070301943,159
66,0.575,-0.234704070301943,163
67,0.575,-0.234704070301943,160
68,0.575,-0.234704070301943,171
69,0.575,-0.234704070301943,192
70,0.575,-0.234704070301943,175
71,0.575,-0.234704070301943,164
72,0.575,-0.234704070301943,172
73,0.575,-0.234704070301943,179
74,0.575,-0.234704070301943,174
75,0.575,-0.234704070301943,181
76,0.575,-0.234704070301943,198
77,0.575,-0.234704070301943,204
78,0.575,-0.234704070301943,200
79,0.575,-0.234704070301943,203
80,0.575,-0.234704070301943,213
81,0.575,-0.234704070301943,216
82,0.575,-0.234704070301943,217
83,0.575,-0.234704070301943,215
84,0.575,-0.234704070301943,236
85,0.575,-0.234704070301943,231
86,0.575,-0.234704070301943,239
87,0.575,-0.234704070301943,234
88,0.575,-0.234704070301943,232
89,0.575,-0.234704070301943,233
90,0.575,-0.234704070301943,228
91,0.575,-0.234704070301943,236
92,0.575,-0.234704070301943,241
93,0.575,-0.234704070301943,234
94,0.575,-0.234704070301943,244
95,0.575,-0.234704070301943,247
96,0.575,-0.234704070301943,256
1,0.575,1.76529592969806,1
2,0.575,1.76529592969806,1
3,0.575,1.76529592969806,1
4,0.575,1.76529592969806,1
5,0.575,1.76529592969806,1
6,0.575,1.76529592969806,3
7,0.575,1.76529592969806,2
8,0.575,1.76529592969806,2
9,0.575,1.76529592969806,5
10,0.575,1.76529592969806,4
11,0.575,1.76529592969806,7
12,0.575,1.76529592969806,9
13,0.575,1.76529592969806,6
14,0.575,1.76529592969806,9
15,0.575,1.76529592969806,14
16,0.575,1.76529592969806,24
17,0.575,1.76529592969806,28
18,0.575,1.76529592969806,40
19,0.575,1.76529592969806,58
20,0.575,1.76529592969806,103
21,0.575,1.76529592969806,141
22,0.575,1.76529592969806,212
23,0.575,1.76529592969806,333
24,0.575,1.76529592969806,473
25,0.575,1.76529592969806,617
26,0.575,1.76529592969806,762
27,0.575,1.76529592969806,938
28,0.575,1.76529592969806,1086
29,0.575,1.76529592969806,1272
30,0.575,1.76529592969806,1472
31,0.575,1.76529592969806,1646
32,0.575,1.76529592969806,1854
33,0.575,1.76529592969806,2162
34,0.575,1.76529592969806,2381
35,0.575,1.76529592969806,2638
36,0.575,1.76529592969806,2967
37,0.575,1.76529592969806,3253
38,0.575,1.76529592969806,3324
39,0.575,1.76529592969806,3167
40,0.575,1.76529592969806,2943
41,0.575,1.76529592969806,2659
42,0.575,1.76529592969806,2274
43,0.575,1.76529592969806,1912
44,0.575,1.76529592969806,1526
45,0.575,1.76529592969806,1278
46,0.575,1.76529592969806,1032
47,0.575,1.76529592969806,834
48,0.575,1.76529592969806,665
49,0.575,1.76529592969806,540
50,0.575,1.76529592969806,419
51,0.575,1.76529592969806,331
52,0.575,1.76529592969806,273
53,0.575,1.76529592969806,223
54,0.575,1.76529592969806,183
55,0.575,1.76529592969806,148
56,0.575,1.76529592969806,110
57,0.575,1.76529592969806,91
58,0.575,1.76529592969806,74
59,0.575,1.76529592969806,58
60,0.575,1.76529592969806,49
61,0.575,1.76529592969806,37
62,0.575,1.76529592969806,26
63,0.575,1.76529592969806,19
64,0.575,1.76529592969806,15
65,0.575,1.76529592969806,12
66,0.575,1.76529592969806,10
67,0.575,1.76529592969806,8
68,0.575,1.76529592969806,7
69,0.575,1.76529592969806,7
70,0.575,1.76529592969806,6
71,0.575,1.76529592969806,5
72,0.575,1.76529592969806,4
73,0.575,1.76529592969806,2
74,0.575,1.76529592969806,2
75,0.575,1.76529592969806,2
76,0.575,1.76529592969806,1
77,0.575,1.76529592969806,1
78,0.575,1.76529592969806,1
79,0.575,1.76529592969806,1
80,0.575,1.76529592969806,1
81,0.575,1.76529592969806,1
82,0.575,1.76529592969806,1
83,0.575,1.76529592969806,1
84,0.575,1.76529592969806,1
85,0.575,1.76529592969806,1
86,0.575,1.76529592969806,1
87,0.575,1.76529592969806,1
88,0.575,1.76529592969806,1
89,0.575,1.76529592969806,1
90,0.575,1.76529592969806,1
91,0.575,1.76529592969806,1
92,0.575,1.76529592969806,1
93,0.575,1.76529592969806,1
94,0.575,1.76529592969806,1
95,0.575,1.76529592969806,1
96,0.575,1.76529592969806,1
1,0.575,2.76529592969806,1
2,0.575,2.76529592969806,1
3,0.575,2.76529592969806,1
4,0.575,2.76529592969806,1
5,0.575,2.76529592969806,1
6,0.575,2.76529592969806,3
7,0.575,2.76529592969806,2
8,0.575,2.76529592969806,2
9,0.575,2.76529592969806,2
10,0.575,2.76529592969806,2
11,0.575,2.76529592969806,2
12,0.575,2.76529592969806,2
13,0.575,2.76529592969806,4
14,0.575,2.76529592969806,3
15,0.575,2.76529592969806,2
16,0.575,2.76529592969806,2
17,0.575,2.76529592969806,4
18,0.575,2.76529592969806,5
19,0.575,2.76529592969806,5
20,0.575,2.76529592969806,7
21,0.575,2.76529592969806,9
22,0.575,2.76529592969806,11
23,0.575,2.76529592969806,14
24,0.575,2.76529592969806,18
25,0.575,2.76529592969806,21
26,0.575,2.76529592969806,24
27,0.575,2.76529592969806,28
28,0.575,2.76529592969806,40
29,0.575,2.76529592969806,47
30,0.575,2.76529592969806,66
31,0.575,2.76529592969806,85
32,0.575,2.76529592969806,109
33,0.575,2.76529592969806,160
34,0.575,2.76529592969806,244
35,0.575,2.76529592969806,373
36,0.575,2.76529592969806,586
37,0.575,2.76529592969806,976
38,0.575,2.76529592969806,1624
39,0.575,2.76529592969806,2699
40,0.575,2.76529592969806,4114
41,0.575,2.76529592969806,5410
42,0.575,2.76529592969806,5673
43,0.575,2.76529592969806,4924
44,0.575,2.76529592969806,4029
45,0.575,2.76529592969806,3266
46,0.575,2.76529592969806,2631
47,0.575,2.76529592969806,2105
48,0.575,2.76529592969806,1715
49,0.575,2.76529592969806,1391
50,0.575,2.76529592969806,1128
51,0.575,2.76529592969806,920
52,0.575,2.76529592969806,743
53,0.575,2.76529592969806,623
54,0.575,2.76529592969806,508
55,0.575,2.76529592969806,415
56,0.575,2.76529592969806,341
57,0.575,2.76529592969806,262
58,0.575,2.76529592969806,219
59,0.575,2.76529592969806,184
60,0.575,2.76529592969806,141
61,0.575,2.76529592969806,107
62,0.575,2.76529592969806,86
63,0.575,2.76529592969806,75
64,0.575,2.76529592969806,60
65,0.575,2.76529592969806,50
66,0.575,2.76529592969806,42
67,0.575,2.76529592969806,31
68,0.575,2.76529592969806,25
69,0.575,2.76529592969806,19
70,0.575,2.76529592969806,16
71,0.575,2.76529592969806,13
72,0.575,2.76529592969806,10
73,0.575,2.76529592969806,8
74,0.575,2.76529592969806,8
75,0.575,2.76529592969806,7
76,0.575,2.76529592969806,5
77,0.575,2.76529592969806,2
78,0.575,2.76529592969806,2
79,0.575,2.76529592969806,2
80,0.575,2.76529592969806,2
81,0.575,2.76529592969806,2
82,0.575,2.76529592969806,1
83,0.575,2.76529592969806,1
84,0.575,2.76529592969806,1
85,0.575,2.76529592969806,1
86,0.575,2.76529592969806,1
87,0.575,2.76529592969806,1
88,0.575,2.76529592969806,1
89,0.575,2.76529592969806,1
90,0.575,2.76529592969806,1
91,0.575,2.76529592969806,1
92,0.575,2.76529592969806,1
93,0.575,2.76529592969806,1
94,0.575,2.76529592969806,1
95,0.575,2.76529592969806,1
96,0.575,2.76529592969806,1
1,0.575,3.76529592969806,1
2,0.575,3.76529592969806,1
3,0.575,3.76529592969806,1
4,0.575,3.76529592969806,1
5,0.575,3.76529592969806,1
6,0.575,3.76529592969806,4
7,0.575,3.76529592969806,3
8,0.575,3.76529592969806,2
9,0.575,3.76529592969806,1
10,0.575,3.76529592969806,2
11,0.575,3.76529592969806,2
12,0.575,3.76529592969806,3
13,0.575,3.76529592969806,2
14,0.575,3.76529592969806,2
15,0.575,3.76529592969806,4
16,0.575,3.76529592969806,3
17,0.575,3.76529592969806,2
18,0.575,3.76529592969806,3
19,0.575,3.76529592969806,6
20,0.575,3.76529592969806,6
21,0.575,3.76529592969806,8
22,0.575,3.76529592969806,11
23,0.575,3.76529592969806,11
24,0.575,3.76529592969806,14
25,0.575,3.76529592969806,16
26,0.575,3.76529592969806,23
27,0.575,3.76529592969806,27
28,0.575,3.76529592969806,38
29,0.575,3.76529592969806,49
30,0.575,3.76529592969806,62
31,0.575,3.76529592969806,76
32,0.575,3.76529592969806,106
33,0.575,3.76529592969806,154
34,0.575,3.76529592969806,238
35,0.575,3.76529592969806,359
36,0.575,3.76529592969806,567
37,0.575,3.76529592969806,905
38,0.575,3.76529592969806,1516
39,0.575,3.76529592969806,2557
40,0.575,3.76529592969806,3903
41,0.575,3.76529592969806,5233
42,0.575,3.76529592969806,5644
43,0.575,3.76529592969806,5032
44,0.575,3.76529592969806,4120
45,0.575,3.76529592969806,3314
46,0.575,3.76529592969806,2684
47,0.575,3.76529592969806,2176
48,0.575,3.76529592969806,1728
49,0.575,3.76529592969806,1433
50,0.575,3.76529592969806,1170
51,0.575,3.76529592969806,944
52,0.575,3.76529592969806,767
53,0.575,3.76529592969806,601
54,0.575,3.76529592969806,515
55,0.575,3.76529592969806,421
56,0.575,3.76529592969806,337
57,0.575,3.76529592969806,279
58,0.575,3.76529592969806,232
59,0.575,3.76529592969806,194
60,0.575,3.76529592969806,162
61,0.575,3.76529592969806,131
62,0.575,3.76529592969806,104
63,0.575,3.76529592969806,85
64,0.575,3.76529592969806,69
65,0.575,3.76529592969806,57
66,0.575,3.76529592969806,45
67,0.575,3.76529592969806,37
68,0.575,3.76529592969806,29
69,0.575,3.76529592969806,26
70,0.575,3.76529592969806,24
71,0.575,3.76529592969806,19
72,0.575,3.76529592969806,15
73,0.575,3.76529592969806,11
74,0.575,3.76529592969806,10
75,0.575,3.76529592969806,9
76,0.575,3.76529592969806,7
77,0.575,3.76529592969806,6
78,0.575,3.76529592969806,6
79,0.575,3.76529592969806,4
80,0.575,3.76529592969806,3
81,0.575,3.76529592969806,3
82,0.575,3.76529592969806,3
83,0.575,3.76529592969806,3
84,0.575,3.76529592969806,3
85,0.575,3.76529592969806,2
86,0.575,3.76529592969806,1
87,0.575,3.76529592969806,1
88,0.575,3.76529592969806,1
89,0.575,3.76529592969806,1
90,0.575,3.76529592969806,1
91,0.575,3.76529592969806,1
92,0.575,3.76529592969806,1
93,0.575,3.76529592969806,1
94,0.575,3.76529592969806,1
95,0.575,3.76529592969806,1
96,0.575,3.76529592969806,1
