"Expt","Cell.ID","Cell.Type","PB2","PB1","PA","HA","NP","NA.","M","NS","Help.PB2","Help.PB1","p1.Virion","Genotype"
"NOO1",13,"Test",1,1,1,1,1,1,1,1,1,1,0.0416664623394851,255
"NOO1",16,"Test",0,0,1,0,0,0,0,0,1,1,0.999394433254236,4
"NOO1",18,"Test",1,1,0,1,1,0,1,1,1,1,0.584008279360396,219
"NOO1",20,"Test",1,1,1,1,1,1,1,1,1,1,0.0416664623394851,255
"NOO1",21,"Test",1,1,1,1,1,1,1,1,1,1,0.0416664623394851,255
"NOO1",22,"Test",1,1,0,1,1,1,1,1,1,1,0.160985650144296,251
"NOO1",23,"Test",1,0,0,1,1,1,1,1,1,1,0.416637645799243,249
"NOO1",24,"Test",1,1,1,1,0,1,1,1,1,1,0.216736693940097,239
"NOO1",25,"Test",0,0,0,1,1,1,1,0,1,1,0.912149885811924,120
"NOO1",26,"Test",0,0,0,1,0,1,0,0,1,1,0.99530089487583,40
"NOO1",27,"Test",0,0,1,1,1,1,1,0,1,1,0.787877718121491,124
"NOO1",31,"Test",1,0,0,1,1,1,1,1,1,1,0.416637645799243,249
"NOO1",32,"Test",1,1,0,1,1,1,1,0,1,1,0.474910647465537,123
"NOO1",34,"Test",1,1,1,1,1,1,1,0,1,1,0.216736693940097,127
"NOO1",35,"Test",1,1,1,1,1,1,1,1,1,1,0.0416664623394851,255
"NOO1",36,"Test",0,1,1,0,0,1,0,1,1,1,0.970433445581526,166
"NOO1",38,"Test",1,1,1,1,1,1,1,1,1,1,0.0416664623394851,255
"NOO1",43,"Test",0,0,0,1,1,1,1,1,1,1,0.740208853561736,248
"NOO1",44,"Test",0,0,0,0,0,0,1,0,1,1,0.998717912741064,64
"NOO1",46,"Test",1,0,0,1,1,1,0,1,1,1,0.8303163310878,185
"NOO1",47,"Test",1,1,0,1,1,1,1,1,1,1,0.160985650144296,251
"NOO1",48,"Test",1,0,0,1,1,1,1,1,1,1,0.416637645799243,249
"NOO1",49,"Test",1,1,1,1,0,1,1,0,1,1,0.547055605642484,111
"NOO1",50,"Test",1,1,1,0,1,1,1,1,1,1,0.264012454596241,247
"NOO1",53,"Test",1,0,1,1,0,1,1,1,1,1,0.490977441278406,237
"NOO1",54,"Test",1,1,0,0,0,1,0,1,1,1,0.962431206688481,163
"NOO1",55,"Test",1,1,1,1,1,1,1,1,1,1,0.0416664623394851,255
"NOO1",56,"Test",1,1,1,1,1,1,1,0,1,1,0.216736693940097,127
"NOO1",59,"Test",0,1,1,1,1,0,1,1,1,1,0.648565447416112,222
"NOO1",64,"Test",1,0,0,1,1,1,1,1,1,1,0.416637645799243,249
"NOO1",65,"Test",0,0,1,1,1,1,1,1,1,1,0.490977441278406,252
"NOO1",70,"Test",1,1,1,1,1,1,1,1,1,1,0.0416664623394851,255
"NOO1",71,"Test",1,0,0,0,0,0,1,0,1,1,0.995570661452657,65
"NOO1",74,"Test",0,0,0,0,0,0,1,0,1,1,0.998717912741064,64
"NOO1",77,"Test",1,1,1,1,1,1,1,1,1,1,0.0416664623394851,255
"NOO1",78,"Test",1,1,1,0,1,1,1,1,1,1,0.264012454596241,247
"NOO1",81,"Test",1,1,1,1,1,1,1,1,1,1,0.0416664623394851,255
"NOO1",82,"Test",1,1,0,1,1,1,1,1,1,1,0.160985650144296,251
"NOO1",84,"Test",0,0,1,1,1,1,1,1,1,1,0.490977441278406,252
"NOO1",87,"Test",1,1,0,1,0,1,1,1,1,1,0.474910647465537,235
"NOO1",89,"Test",1,1,1,1,1,1,1,1,1,1,0.0416664623394851,255
"NOO1",92,"Test",1,1,1,1,1,1,1,1,1,1,0.0416664623394851,255
"NOO2",13,"Test",1,1,0,1,1,0,1,0,1,1,0.651373734962115,91
"NOO2",14,"Test",1,1,0,1,1,0,1,1,1,1,0.328191100333372,219
"NOO2",15,"Test",0,1,0,0,0,1,0,0,1,1,0.990994362184721,34
"NOO2",16,"Test",0,1,0,0,0,0,0,0,1,1,0.99711359526767,2
"NOO2",20,"Test",1,1,1,1,1,1,1,1,1,1,0.0203785721072663,255
"NOO2",21,"Test",1,0,1,1,1,1,0,0,1,1,0.718606279974725,61
"NOO2",23,"Test",1,0,1,1,1,1,1,1,1,1,0.111431909183562,253
"NOO2",24,"Test",1,1,1,1,1,1,1,1,1,1,0.0203785721072663,255
"NOO2",26,"Test",1,1,1,1,1,1,1,1,1,1,0.0203785721072663,255
"NOO2",27,"Test",0,1,1,1,1,1,1,0,1,1,0.365330759739017,126
"NOO2",29,"Test",0,0,1,0,0,0,0,0,1,1,0.997356667750118,4
"NOO2",31,"Test",1,0,1,1,1,1,1,1,1,1,0.111431909183562,253
"NOO2",33,"Test",1,1,1,1,1,1,1,1,1,1,0.0203785721072663,255
"NOO2",34,"Test",1,1,1,1,1,1,1,1,1,1,0.0203785721072663,255
"NOO2",36,"Test",1,1,1,1,1,1,1,1,1,1,0.0203785721072663,255
"NOO2",37,"Test",1,1,1,1,1,1,1,1,1,1,0.0203785721072663,255
"NOO2",38,"Test",0,1,1,1,0,1,1,1,1,1,0.411147203452439,238
"NOO2",40,"Test",1,1,1,1,1,1,1,1,1,1,0.0203785721072663,255
"NOO2",41,"Test",1,1,1,1,0,1,1,1,1,1,0.152912502743335,239
"NOO2",42,"Test",1,1,0,1,1,0,1,1,1,1,0.328191100333372,219
"NOO2",44,"Test",1,0,1,1,1,1,1,1,1,1,0.111431909183562,253
"NOO2",48,"Test",0,0,0,1,1,1,1,0,1,1,0.852271340114571,120
"NOO2",50,"Test",1,1,1,1,1,1,1,1,1,1,0.0203785721072663,255
"NOO2",52,"Test",0,1,0,1,0,1,1,1,1,1,0.680997510920537,234
"NOO2",57,"Test",0,1,1,0,0,0,0,0,1,1,0.992038935112718,6
"NOO2",65,"Test",1,0,0,1,1,1,1,1,1,1,0.317936280021777,249
"NOO2",66,"Test",1,1,1,1,1,1,1,1,1,1,0.0203785721072663,255
"NOO2",68,"Test",1,1,1,1,1,1,1,1,1,1,0.0203785721072663,255
"NOO2",69,"Test",0,0,0,0,0,1,0,0,1,1,0.997008563017335,32
"NOO2",70,"Test",1,1,0,0,1,0,1,1,1,1,0.689493965739777,211
"NOO2",72,"Test",0,0,1,0,1,0,1,1,1,1,0.885401056220667,212
"NOO2",73,"Test",1,0,0,1,0,1,1,1,1,1,0.680997510920537,233
"NOO2",74,"Test",1,0,0,1,1,0,1,1,1,1,0.631779759379447,217
"NOO2",75,"Test",1,1,1,1,1,1,1,1,1,1,0.0203785721072663,255
"NOO2",78,"Test",1,1,1,1,1,0,1,1,1,1,0.117374874518934,223
"NOO2",79,"Test",0,1,0,1,1,0,1,1,1,1,0.631779759379447,218
"NOO2",81,"Test",1,1,1,1,1,1,1,1,1,1,0.0203785721072663,255
"NOO2",82,"Test",1,1,0,1,1,1,1,1,1,1,0.0975715562069605,251
"NOO2",84,"Test",1,1,0,1,1,1,0,1,1,1,0.385248896874269,187
"NOO2",87,"Test",1,1,1,1,1,1,1,1,1,1,0.0203785721072663,255
"NOO2",88,"Test",0,1,1,1,1,1,1,1,1,1,0.111431909183562,254
"NOO2",92,"Test",1,0,1,1,1,1,1,0,1,1,0.365330759739017,125
"NOO2",93,"Test",0,0,0,0,1,0,0,0,1,1,0.996362830053587,16
"NOO2",94,"Test",0,0,0,0,1,0,0,0,1,1,0.996362830053587,16
"NOO3",13,"Test",1,1,1,1,1,1,1,1,1,1,0.0367388384649875,255
"NOO3",15,"Test",1,0,1,1,1,1,0,1,1,1,0.393031304926537,189
"NOO3",16,"Test",0,1,0,0,0,0,0,0,1,1,0.996445439183967,2
"NOO3",18,"Test",1,0,0,0,0,0,0,0,1,1,0.996210962035857,1
"NOO3",19,"Test",0,0,0,1,0,0,0,0,1,1,0.995490793617101,8
"NOO3",26,"Test",1,0,1,1,1,1,1,1,1,1,0.141375101116179,253
"NOO3",33,"Test",1,0,0,1,0,1,0,1,1,1,0.873879796271373,169
"NOO3",34,"Test",1,0,0,0,1,1,0,0,1,1,0.959393768423281,49
"NOO3",35,"Test",1,1,1,1,1,1,1,1,1,1,0.0367388384649875,255
"NOO3",36,"Test",0,1,1,1,0,1,1,0,1,1,0.730596196355669,110
"NOO3",37,"Test",1,0,1,1,0,1,1,1,1,1,0.418279024617835,237
"NOO3",38,"Test",1,0,1,1,1,1,1,1,1,1,0.141375101116179,253
"NOO3",40,"Test",1,1,1,1,1,0,0,1,1,1,0.447720237155089,159
"NOO3",44,"Test",0,0,0,0,0,1,0,0,1,1,0.995715278402449,32
"NOO3",45,"Test",1,0,1,1,0,1,1,1,1,1,0.418279024617835,237
"NOO3",46,"Test",0,0,0,0,1,0,1,1,1,1,0.959735750479381,208
"NOO3",47,"Test",1,1,1,1,1,1,1,1,1,1,0.0367388384649875,255
"NOO3",49,"Test",0,0,0,0,1,0,0,0,1,1,0.995715278402449,16
"NOO3",51,"Test",1,1,1,1,1,1,0,0,1,1,0.434415944057332,63
"NOO3",52,"Test",1,0,0,1,1,0,1,1,1,1,0.684482165929842,217
"NOO3",54,"Test",1,1,1,1,1,1,1,1,1,1,0.0367388384649875,255
"NOO3",58,"Test",0,1,0,1,1,1,1,1,1,1,0.382293587374844,250
"NOO3",60,"Test",1,1,1,1,1,1,1,1,1,1,0.0367388384649875,255
"NOO3",61,"Test",1,0,0,0,1,0,0,0,1,1,0.987502957304213,17
"NOO3",63,"Test",0,0,0,1,1,1,1,1,1,1,0.654408647308137,248
"NOO3",67,"Test",1,1,0,1,0,1,1,1,1,1,0.418279024617835,235
"NOO3",68,"Test",0,0,1,0,0,0,0,0,1,1,0.996445439183967,4
"NOO3",69,"Test",0,1,0,1,0,0,1,1,1,1,0.890085734644026,202
"NOO3",71,"Test",0,1,1,1,1,1,1,1,1,1,0.153349249235116,254
"NOO3",74,"Test",0,1,0,0,1,0,1,1,1,1,0.895152477208902,210
"NOO3",75,"Test",1,1,1,1,1,0,1,1,1,1,0.177904380704564,223
"NOO3",76,"Test",0,0,0,0,1,1,0,0,1,1,0.985877511107151,48
"NOO3",80,"Test",0,1,1,1,1,1,1,0,1,1,0.423645964957383,126
"NOO3",84,"Test",1,1,1,1,1,1,1,1,1,1,0.0367388384649875,255
"NOO3",87,"Test",0,1,1,1,1,1,1,1,1,1,0.153349249235116,254
"NOO3",92,"Test",1,1,1,1,1,1,1,1,1,1,0.0367388384649875,255
"NOO3",94,"Test",1,1,0,0,0,1,0,0,1,1,0.96617347123728,35
"NTJ6",13,"Test",1,0,1,1,0,0,1,1,1,1,0.952615261421747,205
"NTJ6",16,"Test",0,0,1,1,0,1,1,0,1,1,0.982240333078526,108
"NTJ6",26,"Test",0,1,1,1,1,1,1,1,1,1,0.539789773086471,254
"NTJ6",34,"Test",0,1,1,1,1,1,1,0,1,1,0.800066690080187,126
"NTJ6",41,"Test",0,1,0,0,0,1,1,1,1,1,0.991547117046188,226
"NTJ6",43,"Test",1,0,1,0,1,0,1,0,1,1,0.987610597938948,85
"NTJ6",44,"Test",1,1,1,1,1,1,1,0,1,1,0.506644040470968,127
"NTJ6",57,"Test",0,1,1,0,0,1,0,0,1,1,0.996896218273024,38
"NTJ6",68,"Test",1,1,0,1,1,0,1,1,1,1,0.861226516104766,219
"NTJ6",71,"Test",1,0,1,1,1,1,0,1,1,1,0.800066690080187,189
"NTJ6",73,"Test",1,1,1,1,1,1,1,1,1,1,0.209918347058264,255
"NTJ6",75,"Test",1,1,0,1,1,1,1,1,1,1,0.581864603141172,251
"NTJ6",76,"Test",1,0,1,1,1,1,0,1,1,1,0.800066690080187,189
"NTJ6",81,"Test",1,0,0,1,1,0,0,0,1,1,0.995695799395888,25
"NTJ6",84,"Test",1,1,1,1,1,1,0,1,1,1,0.539789773086471,191
"NTJ7",20,"Test",1,1,1,1,1,1,1,1,1,1,0.0742988270131176,255
"NTJ7",24,"Test",1,1,1,1,1,1,1,1,1,1,0.0742988270131176,255
"NTJ7",26,"Test",1,1,1,1,1,0,1,1,1,1,0.285580712273842,223
"NTJ7",32,"Test",1,1,1,1,1,1,1,1,1,1,0.0742988270131176,255
"NTJ7",35,"Test",0,0,0,1,0,0,1,1,1,1,0.982614365211141,200
"NTJ7",36,"Test",1,1,1,1,1,1,1,1,1,1,0.0742988270131176,255
"NTJ7",40,"Test",1,1,0,0,0,0,0,0,1,1,0.997992099102098,3
"NTJ7",41,"Test",0,0,0,0,1,0,1,0,1,1,0.995662694325011,80
"NTJ7",43,"Test",1,0,0,1,1,1,1,1,1,1,0.565758893509366,249
"NTJ7",44,"Test",0,1,1,1,1,1,0,1,1,1,0.59719650971226,190
"NTJ7",45,"Test",1,0,0,1,0,1,0,0,1,1,0.988603308617389,41
"NTJ7",46,"Test",0,1,0,1,1,0,1,1,1,1,0.816984939587833,218
"NTJ7",47,"Test",1,1,1,1,1,1,1,1,1,1,0.0742988270131176,255
"NTJ7",52,"Test",1,0,1,1,1,1,1,1,1,1,0.24427156506502,253
"NTJ7",59,"Test",1,1,1,1,1,1,1,1,1,1,0.0742988270131176,255
"NTJ7",60,"Test",0,0,1,1,1,0,0,1,1,1,0.938253018311122,156
"NTJ7",63,"Test",1,1,1,1,1,1,1,1,1,1,0.0742988270131176,255
"NTJ7",64,"Test",0,1,1,1,1,1,1,1,1,1,0.234082543447434,254
"NTJ7",67,"Test",0,0,0,1,0,0,1,0,1,1,0.995076347886723,72
"NTJ7",68,"Test",0,0,1,0,0,0,0,0,1,1,0.999132192205741,4
"NTJ7",69,"Test",0,0,0,0,1,1,1,1,1,1,0.950469376415329,240
"NTJ7",72,"Test",0,0,1,1,1,1,0,0,1,1,0.942309980131128,60
"NTJ7",75,"Test",0,0,1,0,0,0,0,0,1,1,0.999132192205741,4
"NTJ7",80,"Test",0,0,1,1,1,1,1,1,1,1,0.5081717945359,252
"NTJ7",83,"Test",1,1,1,1,1,1,1,1,1,1,0.0742988270131176,255
"NTJ7",87,"Test",1,1,0,1,1,1,1,1,1,1,0.285580712273842,251
"NTJ7",93,"Test",0,1,1,1,1,1,1,0,1,1,0.574140716792566,126
"NTJ8",15,"Test",1,1,1,1,1,1,1,1,1,1,0.153268800048611,255
"NTJ8",19,"Test",0,1,1,1,1,1,1,0,1,1,0.863514424614294,126
"NTJ8",27,"Test",1,1,1,1,1,1,1,1,1,1,0.153268800048611,255
"NTJ8",32,"Test",1,0,1,1,0,1,1,1,1,1,0.863514424614294,237
"NTJ8",33,"Test",1,1,1,1,1,1,0,1,1,1,0.426173338625416,191
"NTJ8",36,"Test",0,0,0,0,1,0,0,0,1,1,0.999803711396046,16
"NTJ8",38,"Test",1,1,1,1,1,1,1,1,1,1,0.153268800048611,255
"NTJ8",43,"Test",1,0,0,1,1,1,0,0,1,1,0.98687128822049,57
"NTJ8",44,"Test",1,1,1,1,1,0,1,1,1,1,0.478142421707053,223
"NTJ8",46,"Test",1,1,1,1,1,1,1,1,1,1,0.153268800048611,255
"NTJ8",50,"Test",1,1,1,1,1,1,1,1,1,1,0.153268800048611,255
"NTJ8",56,"Test",1,0,1,1,1,0,1,1,1,1,0.7906821263151,221
"NTJ8",57,"Test",0,1,1,0,1,1,0,1,1,1,0.941599660360677,182
"NTJ8",58,"Test",1,1,1,0,1,0,1,1,1,1,0.834833119676371,215
"NTJ8",63,"Test",1,1,1,1,1,1,0,1,1,1,0.426173338625416,191
"NTJ8",66,"Test",1,1,1,1,1,1,1,1,1,1,0.153268800048611,255
"NTJ8",68,"Test",1,1,0,1,1,1,1,1,1,1,0.478142421707053,251
"NTJ8",71,"Test",0,0,0,1,1,1,1,1,1,1,0.935589108210826,248
"NTJ8",75,"Test",1,1,1,1,1,1,0,1,1,1,0.426173338625416,191
"NTJ8",77,"Test",0,1,0,0,0,0,0,1,1,1,0.99927148167277,130
"NTJ8",82,"Test",0,0,0,1,0,0,0,1,1,1,0.99903927789322,136
"NTJ9",14,"Test",0,0,1,0,0,0,0,0,1,1,0.998262936065384,4
"NTJ9",27,"Test",1,0,1,1,1,0,1,1,1,1,0.603938351499216,221
"NTJ9",44,"Test",1,0,1,1,1,1,1,1,1,1,0.343654297765526,253
"NTJ9",47,"Test",1,1,1,1,1,1,1,0,1,1,0.280607261990387,127
"NTJ9",56,"Test",0,0,1,0,0,0,0,0,1,1,0.998262936065384,4
"NTJ9",70,"Test",1,1,1,1,1,0,1,1,1,1,0.280607261990387,223
"NTJ9",73,"Test",0,1,0,0,1,0,0,0,1,1,0.996440826108899,18
"NTJ9",80,"Test",1,1,1,0,1,1,1,0,1,1,0.567585692141667,119
"NTJ9",81,"Test",1,1,1,1,0,1,1,1,1,1,0.343654297765526,239
"NTJ9",84,"Test",0,1,0,0,0,0,1,0,1,1,0.995704241320577,66
"NTJ9",87,"Test",1,1,1,1,1,1,1,1,1,1,0.103348863531774,255
"NTJ10",2,"Test",0,1,0,0,0,1,1,0,1,1,0.959679572985187,98
"NTJ10",15,"Test",0,1,1,1,1,1,0,0,1,1,0.793897312104446,62
"NTJ10",27,"Test",0,0,1,1,1,0,0,0,1,1,0.974434274662395,28
"NTJ10",36,"Test",0,0,0,0,1,1,1,0,1,1,0.955602804709791,112
"NTJ10",39,"Test",1,1,1,0,1,1,1,1,1,1,0.258097164626484,247
"NTJ10",43,"Test",1,1,0,1,1,1,1,0,1,1,0.496988662737815,123
"NTJ10",57,"Test",1,0,0,0,0,0,0,0,1,1,0.996802074052593,1
"NTJ10",64,"Test",1,0,0,1,1,1,1,1,1,1,0.539347764253003,249
"NTJ10",65,"Test",0,0,0,0,1,1,1,0,1,1,0.955602804709791,112
"NTJ10",66,"Test",0,1,0,0,1,0,0,0,1,1,0.98667346307567,18
"NTJ10",73,"Test",0,0,1,0,0,0,0,0,1,1,0.996958587557716,4
"NTJ10",75,"Test",0,0,0,0,0,0,1,1,1,1,0.988511928973198,192
"NTJ10",76,"Test",1,1,0,0,1,0,1,1,1,1,0.755677482652742,211
"NTJ10",78,"Test",0,1,0,0,0,0,0,1,1,1,0.9895882547623,130
"NTJ10",83,"Test",0,1,0,1,0,1,1,1,1,1,0.774576875535824,234
"NTJ10",93,"Test",1,1,1,1,1,1,1,1,1,1,0.10131119670061,255
"NTJ11",14,"Test",0,0,0,0,1,0,0,1,1,1,0.994655750163053,144
"NTJ11",17,"Test",0,0,0,0,0,0,0,1,1,1,0.998436352470375,128
"NTJ11",25,"Test",0,0,0,1,0,0,0,0,1,1,0.998436352470375,8
"NTJ11",26,"Test",1,0,1,1,1,1,1,0,1,1,0.61191492422398,125
"NTJ11",27,"Test",1,1,1,1,1,1,1,1,1,1,0.102531295620823,255
"NTJ11",31,"Test",1,1,1,1,1,1,1,1,1,1,0.102531295620823,255
"NTJ11",35,"Test",0,0,0,0,0,0,0,1,1,1,0.998436352470375,128
"NTJ11",43,"Test",1,1,0,1,0,1,1,1,1,1,0.607697193830331,235
"NTJ11",48,"Test",1,0,0,0,0,0,0,0,1,1,0.998698759506707,1
"NTJ11",50,"Test",1,0,1,1,1,1,1,1,1,1,0.255992599877669,253
"NTJ11",53,"Test",1,0,0,1,1,1,1,1,1,1,0.51039420275161,249
"NTJ11",56,"Test",0,1,1,1,0,1,1,0,1,1,0.883008506543914,110
"NTJ11",57,"Test",1,0,1,1,1,1,1,1,1,1,0.255992599877669,253
"NTJ11",63,"Test",1,1,1,1,1,1,1,1,1,1,0.102531295620823,255
"NTJ11",72,"Test",0,0,0,0,0,1,1,0,1,1,0.994655750163053,96
"NTJ11",76,"Test",1,1,1,1,1,1,1,1,1,1,0.102531295620823,255
"NTJ11",79,"Test",1,0,0,1,1,0,1,1,1,1,0.796287808893503,217
"NTJ11",81,"Test",1,1,0,0,1,1,1,1,1,1,0.633913790754098,243
"NTJ11",92,"Test",0,0,1,1,1,1,1,1,1,1,0.562000559458001,252
"NTJ11",93,"Test",0,0,0,1,1,0,0,0,1,1,0.994655750163053,24
"NTJ28",16,"Test",1,1,1,1,1,1,1,1,1,1,0.0947363175707487,255
"NTJ28",17,"Test",1,0,1,0,0,1,1,0,1,1,0.973978965631145,101
"NTJ28",19,"Test",1,1,1,1,1,1,1,1,1,1,0.0947363175707487,255
"NTJ28",20,"Test",0,1,1,0,1,1,1,1,1,1,0.644193444543027,246
"NTJ28",22,"Test",0,1,1,1,1,1,1,1,1,1,0.339285653781347,254
"NTJ28",26,"Test",1,1,1,1,1,1,1,1,1,1,0.0947363175707487,255
"NTJ28",27,"Test",0,1,0,0,0,0,0,0,1,1,0.999233151767204,2
"NTJ28",35,"Test",1,0,0,1,0,0,0,1,1,1,0.992413547642142,137
"NTJ28",38,"Test",0,0,0,0,1,0,0,0,1,1,0.999090217511566,16
"NTJ28",39,"Test",1,1,0,1,1,1,1,1,1,1,0.311945449003497,251
"NTJ28",40,"Test",1,1,1,1,1,1,1,0,1,1,0.355919337977097,127
"NTJ28",41,"Test",1,1,1,1,1,1,1,1,1,1,0.0947363175707487,255
"NTJ28",42,"Test",1,1,1,1,1,1,0,1,1,1,0.324751231678987,191
"NTJ28",44,"Test",1,1,1,1,1,1,0,0,1,1,0.670241196689437,63
"NTJ28",45,"Test",0,0,0,0,0,0,1,0,1,1,0.999358577073354,64
"NTJ28",51,"Test",0,1,1,1,1,1,1,0,1,1,0.682650789190343,126
"NTJ28",52,"Test",1,1,1,1,1,1,1,1,1,1,0.0947363175707487,255
"NTJ28",55,"Test",0,1,0,0,1,0,0,1,1,1,0.987246900552078,146
"NTJ28",57,"Test",1,0,1,0,1,0,0,0,1,1,0.990381500804651,21
"NTJ28",60,"Test",1,1,1,1,1,1,1,1,1,1,0.0947363175707487,255
"NTJ28",61,"Test",1,1,1,1,1,1,1,1,1,1,0.0947363175707487,255
"NTJ28",62,"Test",1,0,0,1,1,0,0,0,1,1,0.990381500804651,25
"NTJ28",63,"Test",0,0,0,0,0,1,1,1,1,1,0.990989329496559,224
"NTJ28",66,"Test",1,1,1,1,1,1,0,0,1,1,0.670241196689437,63
"NTJ28",71,"Test",1,1,1,0,1,1,1,1,1,1,0.311945449003497,247
"NTJ28",73,"Test",0,1,0,0,1,1,0,1,1,1,0.951725266162476,178
"NTJ28",78,"Test",1,1,1,0,1,0,0,1,1,1,0.876440646179016,151
"NTJ28",80,"Test",0,0,0,0,0,0,0,1,1,1,0.999283267244076,128
"NTJ28",82,"Test",1,0,0,0,1,1,1,1,1,1,0.87114944882486,241
"NTJ28",83,"Test",0,1,0,1,1,1,1,1,1,1,0.644193444543027,250
"NTJ28",87,"Test",1,1,1,1,1,1,1,1,1,1,0.0947363175707487,255
"NTJ28",89,"Test",1,1,1,1,1,1,1,1,1,1,0.0947363175707487,255
"NTJ28",92,"Test",1,1,1,1,0,1,1,1,1,1,0.424161662038113,239
"NTJ28",94,"Test",1,1,0,1,1,1,1,1,1,1,0.311945449003497,251
"NTJ30",13,"Test",0,0,0,1,0,0,1,0,1,1,0.999792061409913,72
"NTJ30",14,"Test",1,1,1,1,1,1,1,1,1,1,0.162135872071892,255
"NTJ30",20,"Test",1,1,1,1,1,1,1,1,1,1,0.162135872071892,255
"NTJ30",26,"Test",1,1,1,1,1,1,1,0,1,1,0.675880512838027,127
"NTJ30",33,"Test",1,0,0,1,1,0,0,1,1,1,0.994868953419595,153
"NTJ30",34,"Test",1,0,0,0,1,1,1,0,1,1,0.993743195060651,113
"NTJ30",37,"Test",0,1,0,1,1,0,1,1,1,1,0.952398659366148,218
"NTJ30",44,"Test",1,1,0,1,1,0,1,1,1,1,0.731131918033562,219
"NTJ30",47,"Test",1,0,1,1,1,1,1,1,1,1,0.511919412597113,253
"NTJ30",48,"Test",1,0,0,1,1,1,1,1,1,1,0.761999534271934,249
"NTJ30",49,"Test",1,1,1,1,1,1,1,1,1,1,0.162135872071892,255
"NTJ30",53,"Test",1,0,1,1,1,1,1,1,1,1,0.511919412597113,253
"NTJ30",57,"Test",1,1,0,1,1,0,1,1,1,1,0.731131918033562,219
"NTJ30",58,"Test",0,1,0,0,1,0,1,1,1,1,0.992756644329799,210
"NTJ30",66,"Test",1,1,1,0,1,1,1,1,1,1,0.675880512838027,247
"NTJ30",68,"Test",1,1,1,1,1,1,1,1,1,1,0.162135872071892,255
"NTJ30",69,"Test",1,1,1,1,1,1,1,1,1,1,0.162135872071892,255
"NTJ30",73,"Test",1,1,0,1,1,1,1,1,1,1,0.418808013339066,251
"NTJ30",74,"Test",1,1,1,1,1,1,1,1,1,1,0.162135872071892,255
"NTJ30",75,"Test",1,1,1,1,1,1,1,1,1,1,0.162135872071892,255
"NTJ30",76,"Test",1,1,1,1,1,1,1,1,1,1,0.162135872071892,255
"NTJ30",77,"Test",1,1,1,1,1,1,1,1,1,1,0.162135872071892,255
"NTJ30",79,"Test",1,1,1,1,1,0,1,1,1,1,0.466426820339341,223
"NTJ30",80,"Test",1,1,0,1,0,0,1,1,1,1,0.965492940726812,203
"NTJ30",83,"Test",1,1,0,1,1,1,1,1,1,1,0.418808013339066,251
"NTJ30",84,"Test",1,1,1,1,1,1,1,1,1,1,0.162135872071892,255
"NTJ30",87,"Test",1,0,0,1,1,0,1,1,1,1,0.915609092468024,217
"NTJ31",13,"Test",1,1,1,1,1,1,1,1,1,1,0.0376731651755032,255
"NTJ31",21,"Test",1,1,1,1,1,1,1,1,1,1,0.0376731651755032,255
"NTJ31",24,"Test",1,0,1,1,1,1,0,1,1,1,0.480120475512889,189
"NTJ31",26,"Test",0,1,0,0,0,0,1,1,1,1,0.974561873451064,194
"NTJ31",35,"Test",0,1,0,0,1,0,1,1,1,1,0.910339527329537,210
"NTJ31",37,"Test",0,0,1,1,1,1,0,1,1,1,0.738072541368842,188
"NTJ31",38,"Test",1,1,0,0,1,1,0,0,1,1,0.935629416787582,51
"NTJ31",39,"Test",1,1,1,1,1,1,1,1,1,1,0.0376731651755032,255
"NTJ31",44,"Test",1,1,1,1,1,1,1,1,1,1,0.0376731651755032,255
"NTJ31",46,"Test",0,0,0,1,0,0,0,0,1,1,0.997290587626218,8
"NTJ31",47,"Test",0,0,0,0,1,0,0,0,1,1,0.997580325738074,16
"NTJ31",53,"Test",1,1,0,1,1,1,1,1,1,1,0.151958962641183,251
"NTJ31",55,"Test",0,0,0,0,1,0,1,1,1,1,0.970132624432235,208
"NTJ31",58,"Test",1,0,0,1,1,0,1,1,1,1,0.722381310013797,217
"NTJ31",62,"Test",1,1,1,1,1,1,1,1,1,1,0.0376731651755032,255
"NTJ31",63,"Test",1,1,1,1,1,1,1,1,1,1,0.0376731651755032,255
"NTJ31",68,"Test",0,1,1,1,0,1,1,1,1,1,0.473210310830317,238
"NTJ31",73,"Test",0,0,0,1,0,0,0,0,1,1,0.997290587626218,8
"NTJ31",74,"Test",1,1,1,1,0,1,1,0,1,1,0.552829874232975,111
"NTJ31",75,"Test",0,1,0,1,0,1,1,1,1,1,0.733104253852552,234
"NTJ31",80,"Test",0,0,1,1,1,1,1,1,1,1,0.42481610024325,252
"NTJ31",84,"Test",1,1,1,1,1,1,0,1,1,1,0.190904423172329,191
"NTJ31",88,"Test",1,1,1,1,1,1,1,1,1,1,0.0376731651755032,255
"NTJ31",93,"Test",1,1,1,1,1,0,1,0,1,1,0.506325605308543,95
"NTJ37",13,"Test",0,0,0,0,0,1,0,0,1,1,0.999596286743615,32
"NTJ37",14,"Test",1,1,1,1,1,1,1,1,1,1,0.144198512344475,255
"NTJ37",19,"Test",1,1,1,1,1,1,1,1,1,1,0.144198512344475,255
"NTJ37",23,"Test",0,0,1,1,1,1,1,1,1,1,0.775291559340143,252
"NTJ37",24,"Test",1,1,1,1,1,1,1,0,1,1,0.436978312798383,127
"NTJ37",28,"Test",0,0,1,0,1,1,0,0,1,1,0.992582069801962,52
"NTJ37",32,"Test",1,1,0,0,1,0,1,1,1,1,0.924544415683728,211
"NTJ37",36,"Test",1,1,1,1,1,1,1,1,1,1,0.144198512344475,255
"NTJ37",37,"Test",0,0,0,0,1,1,1,1,1,1,0.976012630183147,240
"NTJ37",40,"Test",1,0,1,1,1,1,0,0,1,1,0.885775559939021,61
"NTJ37",45,"Test",1,1,1,1,1,1,1,1,1,1,0.144198512344475,255
"NTJ37",47,"Test",1,0,1,1,0,1,1,1,1,1,0.804654256935621,237
"NTJ37",58,"Test",1,0,0,0,1,0,1,1,1,1,0.972727546588948,209
"NTJ37",61,"Test",0,0,0,0,1,0,0,0,1,1,0.999455598017488,16
"NTJ37",68,"Test",1,0,0,0,0,0,0,0,1,1,0.99953998488463,1
"NTJ37",69,"Test",1,1,1,1,1,0,0,1,1,1,0.760931724509224,159
"NTJ37",73,"Test",1,0,1,1,0,1,1,0,1,1,0.936488760461542,109
"NTJ37",74,"Test",1,1,1,1,1,1,0,1,1,1,0.397258577158495,191
"NTJ37",76,"Test",1,1,1,1,1,1,1,1,1,1,0.144198512344475,255
"NTJ37",77,"Test",1,1,1,1,1,1,1,1,1,1,0.144198512344475,255
"NTJ37",78,"Test",1,1,0,1,1,1,0,1,1,1,0.705387344981214,187
"NTJ37",82,"Test",1,1,1,1,1,1,1,1,1,1,0.144198512344475,255
"NTJ37",84,"Test",1,0,0,0,1,1,0,1,1,1,0.962405954944662,177
"NTJ37",89,"Test",1,1,0,1,1,0,0,0,1,1,0.974150036576578,27
